customer_type,first_name,last_name,company_name,email,phone_number,dob,sex
Individual,Zoe,Edwards,,zoe83@gmail.net,+44(0)1914960841,1975-11-01,Female
Business,,,Stone-Humphreys,info@stone-humphreys.com,+44116 4960325,,
Individual,Steven,Ryan,,ryan.steven@outlook.co.uk,+44161 4960567,1979-03-06,Male
Individual,Mohammed,Owen,,owen.mohammed@outlook.me,+44(0)141 496 0462,1957-06-29,Male
Individual,Joshua,Wilson,,joshua96@gmail.co.uk,+44(0)115 496 0635,1959-04-03,Male
Individual,George,Lucas,,lucas.george@outlook.com,0306 9990400,1954-03-10,Male
Individual,Stanley,Davies,,stanley48@yahoo.org,,1971-05-07,Male
Individual,Karen,Oliver,,karen40@gmail.net,+44306 999 0331,1968-06-01,Female
Individual,Kirsty,Hill,,khill@gmail.net,03069990273,1982-01-21,Female
Individual,Jordan,Taylor,,jtaylor@gmail.net,(0161) 4960832,1973-02-21,Male
Business,,,Jones-Smith,jon82@jones-smith.com,(0115) 4960832,,
Business,,,Hall Ltd,support@hallltd.com,+44(0)1632 960677,,
Individual,Lynne,Sharp,,sharp.lynne@gmail.net,(0909)8790501,1962-05-26,Female
Individual,Brandon,Williams,,brandon20@outlook.co.uk,+44(0)151 4960488,1980-03-09,Male
Individual,Vincent,Kirby,,vkirby@gmail.co.uk,+44(0)141 496 0401,1955-03-02,Male
Individual,Jeffrey,Smith,,jeffreysmith675@yahoo.io,(0151) 496 0174,2002-12-29,Male
Individual,Cameron,Bevan,,cameron.bevan@yahoo.io,+441214960090,1980-09-20,Male
Individual,Brenda,Smith,,brenda_smith@outlook.io,+441614960569,1995-08-13,Female
Individual,Kenneth,Smith,,kennethsmith760@outlook.co.uk,0118 4960895,1969-07-22,Male
Individual,Helen,Jones,,helenjones980@gmail.net,(0118) 496 0621,1988-12-17,Female
Individual,Rosemary,Owens,,owens.rosemary@yahoo.net,+44(0)191 4960473,1960-12-04,Female
Individual,Terry,Nelson,,nelson.terry@yahoo.us,,2002-02-02,Male
Individual,Philip,McDonald,,,+443069990197,1996-02-28,Male
Individual,Amelia,Brown,,amelia_brown@gmail.net,029 2018514,1997-05-31,Female
Individual,Michelle,Newman,,michelle.newman@yahoo.io,+441314960296,1978-11-22,Female
Individual,Timothy,Clark,,timothy48@gmail.com,0151 496 0196,1958-04-04,Male
Individual,Ruth,Dobson,,ruth97@gmail.org,(0141) 4960464,2003-12-18,Female
Individual,Joan,King,,joank@outlook.co.uk,+44(0)117 4960549,1993-12-22,Female
Individual,Sandra,Shaw,,,(0118)4960295,1993-11-03,Female
Individual,Mark,Goddard,,markgoddard382@yahoo.us,(01632) 960 804,1989-08-24,Male
Business,,,Wright Ltd,sales@wrightltd.com,+44(0)1154960425,,
Individual,Aimee,Hyde,,aimee_hyde@gmail.org,01144960151,1989-07-17,Female
Individual,Shannon,Shah,,shannon63@gmail.com,+44(0)161 4960882,1967-07-07,Female
Individual,Molly,Wyatt,,mollyw@gmail.org,+44808 157 0712,1991-04-11,Female
Individual,Lindsey,Howells,,lindsey_howells@yahoo.net,(0909) 879 0060,2000-03-21,Female
Business,,,"Bryan, Smith and Clark",contact@bryansmithandclark.com,+44(0)191 4960843,,
Individual,Shirley,Turner,,shirleyturner275@outlook.co.uk,(0191)4960790,1962-03-09,Female
Individual,Dean,Doyle,,dean54@gmail.net,+44(0)131 496 0688,2001-12-02,Male
Individual,Beverley,Wade,,beverley.wade@gmail.net,+44(0)1514960219,1983-03-07,Female
Individual,Ross,Woodward,,woodward.ross@outlook.co.uk,+441414960925,1972-01-17,Male
Individual,Carly,Cook,,carly_cook@outlook.net,(0113) 496 0219,1955-07-28,Female
Individual,Francis,Phillips,,,(0141) 4960929,1959-06-22,Male
Individual,Jay,Thompson,,thompson.jay@gmail.org,(028)9018205,1998-05-09,Male
Individual,Shirley,Morris,,shirleymorris428@yahoo.io,+44114 4960034,1970-09-24,Female
Individual,Sally,Gray,,sally36@yahoo.io,+44113 4960571,1970-12-07,Female
Individual,Joanna,Crawford,,joannacrawford447@outlook.org,01414960537,1976-10-15,Female
Individual,Emma,Lee,,emmal@yahoo.net,(0909) 8790396,1975-03-28,Female
Individual,Kathryn,Dobson,,kathryndobson968@outlook.us,+44(0)1632 960 437,1965-11-20,Female
Individual,Charlene,Nicholson,,charlene.nicholson@gmail.org,02074960304,1993-05-04,Female
Individual,Terence,Bailey,,bailey.terence@outlook.co.uk,(0306) 999 0107,1963-02-07,Male
Individual,Donald,Pritchard,,donald.pritchard@gmail.net,(0161) 496 0796,1992-02-02,Male
Business,,,Chambers Inc,cha40@chambersinc.com,,,
Individual,Tracy,Lee,,tracy_lee@yahoo.org,(0113) 496 0466,1979-01-12,Female
Individual,Frances,Webb,,webb.frances@outlook.net,(01632) 960721,2002-05-15,Female
Individual,Antony,Martin,,amartin@outlook.org,01632 960 803,1958-02-20,Male
Individual,Joanna,Bennett,,joanna_bennett@gmail.io,(0114) 496 0549,1981-04-07,Female
Individual,James,Jenkins,,james_jenkins@gmail.co.uk,(0117)4960461,1996-08-21,Male
Individual,Alice,Hill,,alice.hill@yahoo.net,+44117 4960039,1961-08-03,Female
Individual,Lewis,Thomas,,lthomas@outlook.com,+44(0)28 9018 0046,2000-11-11,Male
Individual,Chelsea,Webb,,chelsea86@yahoo.io,+44(0)1614960192,1989-07-12,Female
Individual,Allan,Gibbs,,allan48@outlook.io,(0191) 4960909,2006-03-25,Male
Individual,Natasha,Harding,,harding.natasha@yahoo.com,,1976-03-05,Female
Individual,Roger,Watts,,roger.watts@yahoo.us,028 9018 0520,1976-09-14,Male
Individual,Bethany,Daniels,,bethany_daniels@yahoo.us,+44(0)1914960330,1960-07-25,Female
Business,,,Jenkins Inc,support@jenkinsinc.com,+44909 8790348,,
Individual,Guy,Chapman,,gchapman@gmail.org,(0114) 4960364,1973-10-06,Male
Business,,,Wilkinson PLC,contact@wilkinsonplc.com,+44909 8790266,,
Individual,Julia,Smith,,julia.smith@gmail.com,+44909 879 0339,1979-03-04,Female
Individual,Howard,Gregory,,howard.gregory@yahoo.me,+4429 2018096,1958-03-23,Male
Individual,Jayne,Kelly,,jayne.kelly@outlook.org,0116 496 0035,1955-07-10,Female
Individual,Jacob,Doherty,,jacob76@yahoo.org,(0141)4960434,1978-09-18,Male
Business,,,Wright-Kay,contact@wright-kay.com,01614960411,,
Individual,Billy,Webb,,bwebb@yahoo.me,0191 4960228,1962-07-21,Male
Individual,Scott,Smith,,ssmith@outlook.com,+44(0)114 496 0224,1989-09-20,Male
Individual,Mary,Davies,,,+44292018534,1976-10-16,Female
Individual,Ashleigh,Walker,,awalker@gmail.net,+44(0)115 496 0684,1964-04-17,Female
Individual,Ross,Palmer,,rpalmer@outlook.me,0808 1570571,1997-02-16,Male
Business,,,"Fraser, Williams and Morgan",support@fraserwilliamsandmorgan.com,+44(0)1414960322,,
Individual,Ashley,Hamilton,,ashleyh@gmail.io,0306 999 0696,1982-08-24,Male
Individual,Lorraine,White,,lorraine15@yahoo.me,0114 4960936,1985-02-13,Female
Individual,Ben,Dean,,bend@gmail.us,+44(0)808 1570666,1998-01-17,Male
Individual,Tom,Russell,,tomr@outlook.org,0114 496 0015,2001-04-06,Male
Business,,,"Martin, Howard and Wilkinson",support@martinhowardandwilkinson.com,+44116 4960894,,
Individual,Sarah,Williams,,sarahw@yahoo.org,(0118)4960333,1966-03-23,Female
Individual,Ann,Cooper,,ann_cooper@gmail.net,(0141) 4960079,1993-11-14,Female
Individual,Gail,Evans,,gail_evans@gmail.org,+442074960156,2001-04-10,Female
Individual,Marc,O'Brien,,marc92@outlook.org,+44(0)20 74960481,2005-01-28,Male
Individual,Gareth,Naylor,,gnaylor@yahoo.net,+44121 496 0202,1954-01-28,Male
Individual,Chloe,Pugh,,chloepugh619@outlook.org,+44(0)808 157 0100,1992-06-18,Female
Individual,Leanne,Hill,,hill.leanne@gmail.co.uk,+44(0)306 999 0707,2003-03-16,Female
Individual,Lawrence,Morton,,,0191 498 0697,1954-07-16,Male
Individual,Ellie,Walker,,ellie.walker@gmail.us,(0191) 4960910,1997-03-20,Female
Individual,Victor,Powell,,victor.powell@outlook.us,01174960832,1963-04-05,Male
Individual,Josh,Barker,,joshbarker751@gmail.org,(0118) 496 0228,1955-06-02,Male
Individual,Martyn,Bolton,,martynbolton491@outlook.org,,1984-11-18,Male
Individual,Kenneth,Walsh,,kenneth.walsh@gmail.us,+44(0)1514960541,1972-12-10,Male
Business,,,Roberts-Bradley,admin@roberts-bradley.com,+441144960824,,
Individual,Reece,Barker,,reece.barker@outlook.io,+44(0)114 496 0160,1979-08-18,Male
Individual,Antony,Miller,,amiller@yahoo.io,+44(0)808 1570737,1980-05-30,Male
Individual,Callum,Kelly,,callumkelly139@outlook.net,+44116 496 0190,2000-12-08,Male
Individual,Neil,Evans,,neile@gmail.co.uk,(0115)4960702,1981-06-13,Male
Individual,Leslie,Anderson,,anderson.leslie@outlook.io,(0115)4960811,2005-03-27,Male
Individual,Graham,Wong,,,01174960153,1980-07-06,Male
Individual,Barbara,Davis,,barbara17@outlook.net,(0161) 4960782,1978-10-27,Female
Individual,Joyce,Brookes,,joycebrookes682@yahoo.us,,1986-05-11,Female
Business,,,Patel PLC,sales@patelplc.com,0118 496 0504,,
Individual,Leanne,Powell,,leanne86@yahoo.org,+44(0)114 496 0652,1964-09-03,Female
Individual,Stacey,Ward,,sward@gmail.us,+44306 999 0217,1957-02-03,Female
Individual,William,Holmes,,williamholmes803@yahoo.co.uk,+44151 4960895,1997-07-13,Male
Individual,Christian,Mitchell,,christian.mitchell@gmail.co.uk,(0808) 1570681,1999-06-17,Male
Individual,Hollie,Nicholson,,hollie_nicholson@outlook.com,+44(0)289018705,1970-04-11,Female
Individual,Margaret,Richardson,,mrichardson@gmail.io,+44(0)1514960007,1976-04-12,Female
Individual,Jeffrey,Hall,,jhall@gmail.co.uk,(0114) 4960707,1963-09-29,Male
Individual,Linda,Reynolds,,lindareynolds63@yahoo.net,029 2018651,1961-09-21,Female
Individual,Colin,Jones,,colinjones433@gmail.net,+449098790107,1980-06-05,Male
Individual,Stuart,Khan,,stuart_khan@gmail.co.uk,+44(0)28 9018928,1980-11-13,Male
Individual,Leon,King,,leon.king@gmail.com,+44(0)115 4960201,1960-02-03,Male
Individual,Holly,Jones,,holly86@yahoo.me,(01632) 960 480,1967-11-18,Female
Individual,Sandra,Osborne,,sandra.osborne@yahoo.co.uk,(029)2018968,1989-06-21,Female
Individual,Ross,Patel,,rpatel@gmail.me,+44131 4960955,2006-03-21,Male
Individual,Eileen,Gilbert,,eileen51@outlook.net,+44115 496 0408,1968-11-26,Female
Individual,Diana,Evans,,evans.diana@outlook.com,01632 960 519,1987-04-26,Female
Individual,Amy,Farrell,,amy_farrell@gmail.io,+44(0)151 496 0546,1961-06-12,Female
Individual,Pauline,O'Brien,,pauline31@gmail.com,(0114)4960512,1966-12-28,Female
Individual,Mohammed,Cole,,mohammed_cole@yahoo.io,(0306) 9990549,1954-10-25,Male
Individual,Kayleigh,Dobson,,kayleighd@gmail.us,(0113) 496 0529,1970-07-05,Female
Individual,Robert,Law,,law.robert@gmail.co.uk,(0115) 4960286,1992-01-07,Male
Individual,Christine,Young,,young.christine@yahoo.me,+44292018286,1989-02-10,Female
Individual,Yvonne,Humphries,,humphries.yvonne@yahoo.us,0116 4960644,1965-01-26,Female
Individual,Danielle,Taylor,,daniellet@gmail.io,01514960020,1992-05-24,Female
Individual,Linda,Gilbert,,linda.gilbert@gmail.us,+44(0)1614960650,1967-05-02,Female
Individual,Glenn,Woodward,,glenn.woodward@gmail.us,01414960623,1991-05-13,Male
Individual,Maria,Hughes,,mariah@yahoo.io,+44(0)118 496 0467,1958-04-21,Female
Individual,Peter,Cox,,peterc@outlook.net,0118 496 0780,1971-08-20,Male
Individual,Graeme,Khan,,gkhan@gmail.io,,2006-04-25,Male
Individual,Lorraine,Curtis,,lorraine.curtis@gmail.co.uk,0289018827,1954-12-05,Female
Individual,Maureen,Fisher,,fisher.maureen@gmail.org,(0131) 496 0669,1958-07-28,Female
Business,,,Stewart-Pearce,info@stewart-pearce.com,(0115)4960574,,
Individual,Julie,Doherty,,julie56@yahoo.org,0292018498,1959-11-19,Female
Individual,Sheila,Stevenson,,sheilastevenson707@outlook.us,+441144960769,1965-09-16,Female
Individual,William,Wilkinson,,,+44(0)808 1570429,2006-02-01,Male
Business,,,"Kemp, Cooper and Clark",sales@kempcooperandclark.com,+44114 496 0202,,
Individual,Phillip,Lynch,,phillipl@outlook.com,0118 496 0560,1954-12-26,Male
Individual,Natalie,Henderson,,natalieh@yahoo.us,+44(0)161 496 0684,1967-09-14,Female
Individual,Heather,Roberts,,heather57@yahoo.io,(0131) 496 0297,1988-12-27,Female
Individual,Darren,Hill,,darren_hill@yahoo.co.uk,(0118) 496 0216,1982-03-12,Male
Individual,Danielle,Barber,,danielle52@yahoo.org,+44121 496 0423,1975-10-17,Female
Individual,Carole,Page,,carole_page@outlook.org,+4420 74960713,1956-01-17,Female
Individual,Chloe,Hughes,,chloe25@yahoo.org,+4420 7496 0781,1962-04-11,Female
Individual,Anthony,Williams,,awilliams@outlook.us,01632 960454,1955-12-09,Male
Individual,Emily,Austin,,emily_austin@outlook.me,+443069990943,1968-04-24,Female
Individual,Geraldine,Saunders,,geraldine_saunders@gmail.io,0115 4960351,2001-12-02,Female
Individual,Julian,Barnett,,julian.barnett@gmail.net,01164960167,1964-12-09,Male
Individual,Suzanne,Fisher,,suzannefisher625@outlook.co.uk,+44121 496 0465,2004-08-02,Female
Individual,June,Wallace,,wallace.june@gmail.us,(0131) 4960518,1991-09-03,Female
Individual,Andrew,Jackson,,andrew24@yahoo.co.uk,+441214960140,1982-09-05,Male
Individual,Deborah,Foster,,deborah_foster@yahoo.com,+441632 960 058,2006-03-16,Female
Individual,Glenn,Ball,,glenn_ball@yahoo.co.uk,+44(0)1144960259,1960-01-24,Male
Business,,,"Daniels, Clark and Kelly",sales@danielsclarkandkelly.com,+441164960338,,
Individual,Susan,Taylor,,susan.taylor@outlook.io,0808 1570262,1987-02-10,Female
Individual,Richard,Booth,,booth.richard@gmail.me,01314960845,1971-10-01,Male
Business,,,Green-Evans,support@green-evans.com,+44118 496 0694,,
Individual,Stuart,Taylor,,stuarttaylor190@outlook.io,01414960352,1968-05-09,Male
Individual,Leonard,Stone,,,+44909 879 0189,1992-07-08,Male
Individual,Victoria,Taylor,,vtaylor@gmail.net,(01632)960588,2000-07-14,Female
Individual,Aimee,Schofield,,schofield.aimee@gmail.com,+44(0)29 2018 0031,1958-10-14,Female
Individual,Nigel,Stewart,,nigel_stewart@yahoo.net,01174960894,2000-04-11,Male
Individual,Max,Walsh,,max47@yahoo.me,+44115 496 0165,1967-12-14,Male
Individual,Jamie,George,,jamieg@yahoo.com,+44161 4960639,1988-02-18,Male
Individual,Patricia,Griffiths,,pgriffiths@gmail.co.uk,+44(0)161 496 0483,1963-10-27,Female
Individual,Samantha,Dickinson,,samantha.dickinson@yahoo.org,+441214960048,1967-12-14,Female
Individual,Valerie,Watson,,valeriewatson151@gmail.net,(0151) 4960042,2006-02-07,Female
Individual,Kevin,Lucas,,kevin46@outlook.net,+44(0)29 2018 0699,1957-06-18,Male
Individual,Trevor,Allan,,trevor.allan@gmail.io,+44(0)808 1570883,1989-04-02,Male
Individual,Jacob,Godfrey,,jgodfrey@gmail.org,+44(0)9098790837,1990-04-21,Male
Individual,Andrew,Harvey,,harvey.andrew@outlook.me,+44(0)113 4960554,1986-11-16,Male
Individual,Fiona,Smith,,fionas@outlook.org,+44(0)131 4960192,1959-07-25,Female
Individual,Julia,Miller,,julia3@yahoo.us,+44118 4960141,1992-01-25,Female
Individual,Stanley,Parker,,stanley.parker@gmail.com,0141 496 0783,1996-09-08,Male
Individual,Cameron,Clarke,,cameron.clarke@outlook.co.uk,0118 496 0239,1963-09-30,Male
Individual,Toby,Rhodes,,,+44(0)28 9018 0695,1962-06-02,Male
Individual,Terry,Turner,,terry41@gmail.me,(0306) 9990078,1982-11-27,Male
Individual,Rachael,Bennett,,bennett.rachael@gmail.me,+44151 496 0595,1972-10-21,Female
Individual,Simon,Johnson,,sjohnson@yahoo.com,0117 496 0862,1969-04-07,Male
Individual,Fiona,Barrett,,fiona83@gmail.co.uk,+441314960402,1966-10-24,Female
Individual,Diane,Rowe,,dianer@yahoo.com,(0306) 9990546,1997-06-30,Female
Individual,Thomas,Parsons,,parsons.thomas@gmail.org,(029) 2018970,1979-10-22,Male
Individual,Josephine,Nash,,jnash@yahoo.net,(028) 9018 0275,1990-01-20,Female
Individual,Mitchell,Newman,,mitchelln@gmail.io,+44(0)292018368,2003-09-27,Male
Individual,Gillian,Ashton,,gilliana@gmail.us,+44114 496 0269,1973-03-15,Female
Individual,Bethan,Woods,,bethanw@yahoo.com,+441184960160,1972-03-17,Female
Individual,Connor,Sharpe,,csharpe@yahoo.me,+44(0)1614960090,2001-01-11,Male
Business,,,Warren-Turnbull,war1@warren-turnbull.com,+44(0)29 2018 0080,,
Individual,Linda,Berry,,linda.berry@outlook.io,(0808) 157 0812,1971-05-21,Female
Individual,Josephine,Pearson,,jpearson@outlook.us,+44117 496 0228,1999-07-02,Female
Individual,Martin,Slater,,martin_slater@yahoo.me,+44(0)161 4960773,1954-10-29,Male
Individual,Marc,Richards,,richards.marc@gmail.org,(0141)4960317,1968-09-16,Male
Individual,Jade,Davis,,jade_davis@yahoo.com,+44(0)20 7496 0769,1973-03-08,Female
Individual,Jayne,Kelly,,jaynek@outlook.co.uk,0114 4960756,1985-11-14,Female
Individual,Cheryl,Howard,,cheryl_howard@outlook.co.uk,+44(0)808 157 0326,1961-10-04,Female
Individual,Anthony,Bennett,,anthonybennett745@yahoo.me,01514960255,1961-06-30,Male
Individual,Ronald,Thomas,,thomas.ronald@yahoo.io,(0141) 4960109,2003-10-20,Male
Individual,Conor,Tyler,,conortyler535@gmail.us,0117 4960725,1979-02-25,Male
Individual,Lee,Taylor,,taylor.lee@outlook.net,+44(0)1144960546,1992-07-21,Male
Individual,Jeffrey,Robinson,,jeffrey48@yahoo.co.uk,01414960700,1992-08-22,Male
Individual,Hilary,Griffiths,,hilary97@outlook.co.uk,+44113 496 0949,1960-07-30,Female
Individual,Kelly,Ward,,kellyw@yahoo.com,(0114)4960653,1958-10-14,Female
Individual,Lynne,Tucker,,lynnet@yahoo.co.uk,+44306 9990404,1967-06-03,Female
Individual,Jacqueline,Parsons,,jacqueline.parsons@gmail.org,+44191 4960068,1978-07-06,Female
Business,,,"Smith, Bennett and Weston",info@smithbennettandweston.com,(01632)960938,,
Individual,Rebecca,Miller,,rebecca56@outlook.me,,1970-11-08,Female
Individual,Leanne,Adams,,leanne55@yahoo.us,+44151 4960574,1961-10-06,Female
Individual,Georgia,Stone,,gstone@yahoo.org,01632 960255,2004-07-30,Female
Individual,Linda,Williams,,linda34@yahoo.net,(0306) 9990356,1991-03-12,Female
Individual,Chelsea,Allen,,chelsea_allen@gmail.com,+44(0)141 4960470,1979-06-11,Female
Business,,,Ahmed Ltd,contact@ahmedltd.com,+44(0)306 9990133,,
Individual,Leah,Noble,,lnoble@yahoo.co.uk,0808 1570841,1989-06-09,Female
Individual,Robert,Parker,,robertp@outlook.us,(028) 9018109,2003-05-14,Male
Individual,Marcus,Burgess,,mburgess@gmail.us,+44118 496 0151,1989-09-27,Male
Individual,Mary,Reid,,mary_reid@outlook.io,03069990021,1955-06-27,Female
Individual,Joel,Gardner,,gardner.joel@outlook.org,+44(0)1214960689,1993-10-04,Male
Business,,,Howe PLC,support@howeplc.com,+44(0)117 496 0874,,
Individual,Jade,James,,jadejames719@gmail.net,+441632 960765,1958-04-23,Female
Individual,Martyn,Watkins,,martyn.watkins@yahoo.me,+441914960800,1954-11-15,Male
Individual,Ashley,Cox,,ashley_cox@outlook.net,01174960286,1963-04-20,Male
Individual,Leonard,Elliott,,elliott.leonard@outlook.us,0113 496 0320,2000-01-23,Male
Individual,Lindsey,Shaw,,shaw.lindsey@yahoo.io,0113 496 0727,1981-09-28,Female
Individual,Thomas,Hussain,,thomashussain800@yahoo.net,+4428 9018 0832,1982-05-21,Male
Individual,Gemma,Kirby,,gkirby@gmail.org,01144960653,1983-12-10,Female
Individual,Heather,Harrison,,,0131 496 0675,1959-08-31,Female
Business,,,"Bell, Evans and Davis",sales@bellevansanddavis.com,0289018377,,
Individual,Brandon,Butcher,,brandon.butcher@yahoo.org,+44(0)909 8790403,2002-06-24,Male
Individual,Gareth,Russell,,garethrussell328@yahoo.org,01134960996,1979-03-26,Male
Individual,Clare,McDonald,,clare.mcdonald@gmail.com,,2005-06-19,Female
Business,,,"Sutton, Pugh and Taylor",contact@suttonpughandtaylor.com,0118 4960889,,
Individual,Kieran,Douglas,,kieran94@gmail.net,(0115)4960431,2000-01-20,Male
Individual,Catherine,Wood,,catherine31@yahoo.com,+4429 2018 0116,1999-05-29,Female
Individual,Andrea,Parker,,andreaparker720@gmail.com,(01632)960270,1976-07-29,Female
Individual,Anna,Thomas,,anna_thomas@yahoo.com,+44(0)161 4960764,1998-08-31,Female
Individual,Lauren,Sims,,lauren18@gmail.io,+44(0)191 496 0166,1982-10-10,Female
Business,,,"Davies, Campbell and Murray",support@daviescampbellandmurray.com,+4429 2018388,,
Individual,Lawrence,Foster,,lawrencefoster351@outlook.net,(0117)4960802,1974-03-08,Male
Individual,Stacey,White,,stacey.white@gmail.net,+44(0)117 496 0075,1997-02-28,Female
Individual,Darren,Hunt,,darren.hunt@outlook.org,,1956-08-11,Male
Individual,Shannon,White,,shannon38@outlook.us,+44(0)29 2018 0807,1966-04-11,Female
Individual,Terence,Sharp,,terences@gmail.net,(0131) 4960619,1985-03-05,Male
Individual,Gail,Collins,,collins.gail@gmail.me,(0151) 4960047,2005-07-13,Female
Individual,Kerry,Scott,,kerryscott157@outlook.org,+4420 74960511,1961-01-29,Female
Individual,Benjamin,Wright,,benjamin.wright@yahoo.org,+44306 9990964,1957-11-07,Male
Individual,Hannah,Hughes,,hannah.hughes@yahoo.io,+44191 496 0141,1971-06-13,Female
Individual,Martin,Rose,,martin_rose@outlook.net,+4429 2018024,2001-08-21,Male
Individual,Bernard,Williams,,bernard.williams@gmail.com,+44(0)114 496 0131,2005-10-16,Male
Individual,Glenn,Buckley,,glennbuckley677@yahoo.io,+44909 8790027,1959-09-11,Male
Individual,Elaine,Bell,,bell.elaine@yahoo.co.uk,(020) 74960373,1980-07-02,Female
Business,,,Watkins Ltd,contact@watkinsltd.com,+441614960958,,
Individual,Paul,Lewis,,paul_lewis@gmail.co.uk,+44(0)114 496 0513,1991-05-04,Male
Individual,Carly,Moore,,carlymoore656@yahoo.net,+441164960600,1963-10-08,Female
Individual,Kenneth,Adams,,kadams@yahoo.com,+44(0)114 4960084,1954-03-01,Male
Individual,Hollie,Douglas,,holliedouglas345@gmail.com,0118 496 0094,1955-02-24,Female
Individual,Amanda,Parker,,amanda15@yahoo.co.uk,,1991-04-12,Female
Individual,Danielle,Wade,,dwade@outlook.us,(0141) 4960344,1973-05-30,Female
Individual,Brandon,White,,bwhite@gmail.org,+44(0)1632 960 089,1995-02-13,Male
Individual,Kevin,Davies,,kevin_davies@outlook.co.uk,+44(0)1134960284,1993-06-20,Male
Individual,Billy,Begum,,billy.begum@yahoo.net,+44141 496 0605,1969-12-15,Male
Individual,Lewis,Walker,,lewis_walker@gmail.us,(0306) 999 0953,1974-11-17,Male
Individual,Jeremy,Gardner,,jeremygardner811@outlook.com,01174960683,1976-02-17,Male
Business,,,Richards-Field,contact@richards-field.com,0191 4960393,,
Individual,Marie,French,,mfrench@outlook.me,(020) 74960344,1956-04-23,Female
Individual,Michelle,Davison,,,+44118 4960499,1978-08-23,Female
Individual,Dennis,Turner,,dennisturner866@outlook.io,(0808) 1570122,1981-01-08,Male
Individual,Matthew,Murray,,matthewmurray198@gmail.org,(0909) 8790338,1961-03-25,Male
Individual,Paula,Doherty,,pauladoherty464@outlook.com,+44114 4960625,1959-07-26,Female
Individual,Tony,Watson,,watson.tony@yahoo.com,0808 1570926,1970-02-25,Male
Individual,Dean,Evans,,dean_evans@gmail.com,01174960115,1988-02-02,Male
Individual,Owen,Hodgson,,owenhodgson453@outlook.org,+441134960201,1983-09-20,Male
Individual,Abigail,Clayton,,abigail.clayton@outlook.me,+44(0)191 4960910,1960-12-04,Female
Individual,Jean,Sutton,,jeans@gmail.org,+44(0)114 496 0780,1964-04-17,Female
Individual,Wayne,Jackson,,wjackson@outlook.me,(0191) 496 0747,1993-04-06,Male
Business,,,"Miller, Patel and Coleman",mil17@millerpatelandcoleman.com,(0114) 4960556,,
Individual,Rebecca,Kent,,rebecca75@yahoo.us,+44(0)161 4960186,1985-11-27,Female
Business,,,"Quinn, Butler and Tomlinson",support@quinnbutlerandtomlinson.com,(0131) 496 0303,,
Individual,Diane,Andrews,,diane_andrews@yahoo.io,+44131 496 0285,1980-03-17,Female
Individual,Jason,Hartley,,jason_hartley@gmail.io,,1966-02-04,Male
Individual,Lynda,Phillips,,lyndap@gmail.io,08081570029,1956-05-11,Female
Individual,Stephen,Brown,,brown.stephen@gmail.me,0115 4960736,1998-02-10,Male
Business,,,Oliver LLC,admin@oliverllc.com,(0141) 4960692,,
Individual,Owen,Brown,,owen.brown@outlook.co.uk,+44(0)29 2018182,1975-06-01,Male
Individual,Paul,Powell,,powell.paul@yahoo.me,01414960863,1989-09-07,Male
Business,,,Long-Gilbert,info@long-gilbert.com,0306 9990951,,
Individual,Benjamin,Lowe,,benjaminlowe257@outlook.us,+44(0)29 2018 0424,1959-09-04,Male
Individual,Donald,Perkins,,donald77@outlook.io,+44(0)113 496 0447,1976-06-12,Male
Individual,Jeremy,Burke,,jburke@outlook.co.uk,(01632) 960 461,1983-09-23,Male
Individual,Jacqueline,James,,jacqueline.james@outlook.co.uk,,1968-09-14,Female
Individual,Jessica,Chambers,,jessica30@outlook.us,01632 960513,2003-12-12,Female
Business,,,Jordan Group,sales@jordangroup.com,(0115) 4960951,,
Individual,Carly,Howard,,carly49@gmail.me,+441614960450,1967-07-19,Female
Individual,Hazel,King,,hazelk@yahoo.us,(0121)4960322,1999-04-03,Female
Individual,Christian,Williams,,christian27@outlook.com,(020) 7496 0556,1987-12-01,Male
Individual,Keith,Quinn,,,+44(0)1632960498,1976-03-05,Male
Business,,,Dale PLC,admin@daleplc.com,+44(0)909 879 0145,,
Individual,Denise,Barlow,,barlow.denise@yahoo.io,+441184960744,1964-06-26,Female
Business,,,Jones Group,support@jonesgroup.com,+44(0)1414960687,,
Individual,Luke,Cooper,,cooper.luke@yahoo.me,+441414960475,1986-03-31,Male
Individual,Roy,Brennan,,roy.brennan@gmail.org,01914960414,1969-08-10,Male
Business,,,"Parker, Cooper and Ryan",support@parkercooperandryan.com,(020) 74960460,,
Individual,Kelly,Lee,,lee.kelly@yahoo.co.uk,0113 4960430,1999-01-25,Female
Individual,Andrea,Richards,,andrea.richards@yahoo.us,+44121 496 0862,2003-09-27,Female
Individual,Kayleigh,Thornton,,kayleigh44@yahoo.org,0116 4960681,1998-05-17,Female
Business,,,"Elliott, Coleman and Taylor",admin@elliottcolemanandtaylor.com,+44114 496 0370,,
Individual,Katie,Singh,,ksingh@outlook.me,(028) 9018 0844,1978-10-23,Female
Individual,Ronald,Watson,,,+44(0)289018332,2002-07-13,Male
Individual,Lucy,Howells,,lucy29@yahoo.net,(0909)8790213,1981-06-28,Female
Individual,Brian,Horton,,brian90@yahoo.com,0161 496 0703,1963-11-10,Male
Individual,Brandon,Sanders,,brandon.sanders@yahoo.io,+44909 8790223,1991-01-03,Male
Individual,Jeremy,Kay,,jeremyk@yahoo.com,+44(0)1514960163,1982-04-23,Male
Individual,Paula,Nolan,,paula.nolan@outlook.me,+44(0)28 9018895,2001-05-03,Female
Individual,Hilary,Walters,,hilary.walters@outlook.me,(0121)4960286,1990-12-31,Female
Individual,Toby,Farmer,,toby.farmer@outlook.co.uk,(020) 7496 0063,1970-07-30,Male
Individual,Kieran,McDonald,,kieranmcdonald748@outlook.us,01914960054,1964-09-24,Male
Individual,Charles,Robinson,,charles_robinson@yahoo.me,+44(0)118 4960801,1965-05-12,Male
Individual,Carolyn,Wheeler,,carolynw@outlook.io,+441214960365,1980-08-08,Female
Individual,Charlotte,Hill,,,0121 4960340,1966-10-28,Female
Individual,Gordon,Heath,,gheath@gmail.us,+44(0)114 496 0966,1954-01-20,Male
Individual,Dennis,Carey,,dcarey@yahoo.me,01174960564,1960-08-05,Male
Individual,Shaun,Carr,,shaun.carr@outlook.org,+44121 496 0810,1979-09-22,Male
Business,,,Stone LLC,contact@stonellc.com,01144960614,,
Individual,Roger,Ingram,,rogeri@outlook.com,+44118 4960782,2005-08-25,Male
Individual,Brenda,Abbott,,brenda14@yahoo.org,+44(0)909 879 0496,2006-10-23,Female
Individual,Ricky,Kirk,,rickykirk765@outlook.net,+44117 496 0210,1989-01-17,Male
Individual,Marilyn,Patel,,marilynp@yahoo.net,+441154960098,2004-12-29,Female
Individual,Teresa,Knight,,teresa65@yahoo.net,+44(0)306 999 0965,1967-01-05,Female
Individual,Vanessa,Scott,,vanessa.scott@yahoo.com,(0909)8790181,1962-11-09,Female
Individual,Mohamed,Parkinson,,mparkinson@gmail.com,+441214960283,1988-09-05,Male
Individual,Nicholas,Kelly,,nicholask@yahoo.co.uk,0116 496 0498,1965-10-06,Male
Individual,Liam,Thomas,,liamt@gmail.io,08081570545,1969-07-08,Male
Individual,Brandon,Lynch,,brandon14@outlook.com,+441632960450,2002-10-07,Male
Individual,Jessica,Davison,,jessica.davison@yahoo.io,0909 879 0284,1969-05-13,Female
Individual,Guy,Roberts,,guy44@yahoo.us,+44(0)20 74960664,2003-10-26,Male
Individual,Gareth,Gill,,gill.gareth@outlook.co.uk,0151 4960448,1981-09-28,Male
Individual,Alex,Holland,,alexholland203@outlook.co.uk,,1975-03-23,Male
Business,,,Hodgson-Norris,support@hodgson-norris.com,(020) 7496 0409,,
Individual,Patricia,Green,,patriciag@yahoo.com,(0115) 4960373,1962-11-04,Female
Individual,Norman,Williams,,normanwilliams380@outlook.us,(028) 9018 0998,1981-04-19,Male
Individual,Grace,Leach,,graceleach939@outlook.org,,1980-04-16,Female
Individual,Jacob,Todd,,jtodd@gmail.net,(029) 2018 0767,1961-08-04,Male
Business,,,Baxter LLC,bax58@baxterllc.com,,,
Individual,William,Austin,,waustin@outlook.me,,2005-04-12,Male
Individual,Angela,Walker,,walker.angela@outlook.me,+44(0)1314960234,1974-07-05,Female
Individual,Mohammad,Barker,,mohammadbarker864@yahoo.net,029 2018 0492,1958-07-13,Male
Individual,Dominic,Moore,,dominic90@outlook.me,0114 496 0556,1995-10-28,Male
Individual,Julia,Smith,,julia_smith@yahoo.us,+44115 496 0216,1985-02-22,Female
Individual,Andrew,Fox,,fox.andrew@gmail.me,0113 496 0878,1999-10-07,Male
Individual,Michael,Stevens,,mstevens@gmail.us,(0306) 9990396,1984-05-25,Male
Individual,Teresa,Hilton,,teresa.hilton@yahoo.com,01632960030,1984-06-11,Female
Individual,Victor,Greenwood,,victorgreenwood375@yahoo.com,+44115 4960106,1982-12-24,Male
Individual,Hilary,Moore,,hilarymoore132@outlook.me,+44121 4960276,1962-03-23,Female
Individual,Frances,Quinn,,fquinn@yahoo.org,0114 496 0610,1962-04-23,Female
Individual,Lucy,Brown,,lbrown@gmail.net,+44(0)114 496 0782,1993-06-11,Female
Individual,Hugh,Evans,,hughevans328@outlook.net,(0808) 1570495,2002-06-21,Male
Individual,Ryan,Graham,,graham.ryan@outlook.com,+441314960565,1973-12-07,Male
Business,,,"Elliott, Davies and Kelly",admin@elliottdaviesandkelly.com,(0141) 4960401,,
Individual,Malcolm,Williams,,malcolm.williams@gmail.net,0306 9990595,2003-10-02,Male
Individual,Damien,Walker,,damien_walker@yahoo.me,+44(0)121 496 0833,1974-03-07,Male
Individual,Tina,Ward,,tina_ward@yahoo.org,+44306 9990453,1977-05-28,Female
Individual,Carole,Thomas,,carolethomas394@yahoo.us,0289018148,1966-04-07,Female
Individual,Beverley,Woodward,,beverleywoodward384@gmail.co.uk,+44(0)1164960424,1960-09-08,Female
Individual,Stuart,Miller,,stuart39@yahoo.io,+44808 157 0332,1956-07-24,Male
Individual,Gail,Cooper,,gail_cooper@gmail.com,+441632 960451,1984-06-25,Female
Individual,Matthew,Cooper,,matthewcooper188@outlook.org,+441414960607,1975-09-17,Male
Individual,Keith,Stevenson,,keithstevenson340@outlook.net,+44191 4960696,1985-09-25,Male
Individual,Jemma,Edwards,,jedwards@outlook.us,(0808) 157 0120,2001-03-04,Female
Individual,Tina,Moore,,tinamoore351@outlook.me,+44113 496 0782,1956-04-08,Female
Individual,Caroline,Cook,,ccook@gmail.org,+44151 4960871,1990-12-03,Female
Individual,Alan,Wright,,alan_wright@outlook.co.uk,0141 496 0683,1959-01-09,Male
Individual,Marilyn,Moore,,marilyn_moore@gmail.com,(0118) 496 0616,1957-08-25,Female
Individual,Claire,Fletcher,,cfletcher@outlook.us,0114 496 0163,1970-10-11,Female
Individual,Katy,Webster,,webster.katy@gmail.co.uk,+44(0)20 7496 0996,1972-03-04,Female
Individual,Joseph,Owen,,joseph.owen@gmail.com,0117 496 0978,1987-08-28,Male
Individual,Kate,Patel,,patel.kate@yahoo.com,01914960199,1974-01-31,Female
Individual,Grace,Gregory,,grace_gregory@outlook.us,+44115 4960168,2006-01-31,Female
Individual,Deborah,Long,,dlong@outlook.io,029 2018 0900,1961-12-11,Female
Individual,Alexandra,Higgins,,alexandra_higgins@gmail.me,0114 496 0436,1968-11-23,Female
Individual,Cheryl,Wright,,wright.cheryl@gmail.me,+44(0)1214960528,1959-09-30,Female
Individual,Michelle,Patel,,michellep@yahoo.us,+44(0)114 496 0538,1975-04-11,Female
Individual,Jade,Fox,,fox.jade@yahoo.co.uk,0114 496 0887,1960-09-15,Female
Individual,Brenda,Newman,,newman.brenda@gmail.org,+441632 960145,1955-08-20,Female
Individual,Kieran,Johnson,,kieran.johnson@yahoo.me,(0113) 4960424,2005-11-27,Male
Individual,Roy,Hawkins,,royh@outlook.io,0151 496 0001,2003-01-25,Male
Individual,Connor,Todd,,connort@yahoo.me,(029)2018719,1968-01-31,Male
Individual,Denise,Begum,,denise.begum@yahoo.co.uk,(0114) 4960555,2003-05-28,Female
Individual,Clive,Edwards,,cliveedwards23@yahoo.io,028 9018 0185,1969-03-15,Male
Business,,,Ali and Sons,sales@aliandsons.com,+44(0)118 4960993,,
Business,,,"Gill, Thompson and Dobson",info@gillthompsonanddobson.com,+449098790345,,
Individual,Pamela,Spencer,,pamelaspencer722@outlook.net,01514960538,1982-04-23,Female
Individual,Robin,Owen,,robin.owen@yahoo.us,+44(0)292018516,2003-03-03,Male
Individual,Philip,White,,white.philip@yahoo.co.uk,+44(0)114 4960846,1990-03-03,Male
Individual,Joyce,Harvey,,joyce26@outlook.io,(01632) 960 405,2002-07-11,Female
Individual,Kenneth,Robinson,,kenneth.robinson@outlook.net,+44(0)8081570220,1972-03-03,Male
Individual,Oliver,James,,oliver_james@outlook.org,,1990-08-24,Male
Individual,Leah,Butler,,butler.leah@outlook.net,(0113) 496 0392,1994-12-26,Female
Individual,Abigail,Cooper,,abigailc@gmail.org,+44(0)29 2018829,1978-10-01,Female
Individual,Zoe,Simpson,,simpson.zoe@gmail.com,0289018273,1971-07-17,Female
Individual,Craig,Johnson,,johnson.craig@gmail.me,(0118)4960936,1977-08-07,Male
Individual,Annette,Evans,,annette.evans@gmail.com,(0131) 4960804,1976-01-20,Female
Individual,Megan,Mason,,megan87@outlook.co.uk,+44(0)8081570116,1975-11-11,Female
Individual,Henry,Sutton,,henry54@yahoo.me,09098790753,1977-02-17,Male
Individual,Gemma,Murray,,gemmamurray958@yahoo.org,+44117 4960393,1981-11-24,Female
Business,,,Archer PLC,support@archerplc.com,0306 9990641,,
Individual,Sharon,Douglas,,sharond@gmail.io,029 2018 0423,1982-06-26,Female
Individual,Dominic,Garner,,dominic9@yahoo.io,0115 4960358,1982-04-08,Male
Individual,Harriet,Smith,,harriet_smith@gmail.net,+44161 4960246,1990-06-15,Female
Individual,Jessica,Hughes,,,(029) 2018226,1960-01-10,Female
Individual,Connor,Fisher,,cfisher@gmail.me,+44(0)121 4960411,1958-04-28,Male
Individual,Kate,Hussain,,kate_hussain@outlook.net,(0115)4960361,1995-03-28,Female
Individual,Lorraine,Davies,,lorrained@yahoo.co.uk,+441164960470,1972-12-27,Female
Business,,,Manning-Day,contact@manning-day.com,+44(0)9098790983,,
Individual,Peter,Jenkins,,peter_jenkins@yahoo.org,01134960361,1975-02-01,Male
Individual,Laura,Collins,,lauracollins519@gmail.us,+44(0)1632960602,1974-05-15,Female
Individual,Alexander,Cooper,,alexandercooper579@yahoo.org,(0115)4960237,1997-10-20,Male
Individual,Edward,Sinclair,,edward57@yahoo.us,(0115)4960987,1991-10-11,Male
Individual,Dylan,Long,,dylanlong522@gmail.me,+441134960376,1988-06-18,Male
Individual,Daniel,Patterson,,patterson.daniel@outlook.co.uk,(0191)4960884,1996-01-27,Male
Individual,Arthur,Hancock,,arthurh@gmail.io,+441154960804,1974-06-03,Male
Individual,Robin,Owen,,owen.robin@gmail.io,+44(0)116 496 0317,1963-03-08,Male
Individual,Jonathan,Dickinson,,dickinson.jonathan@outlook.net,08081570825,1984-04-16,Male
Individual,Daniel,Rees,,daniel_rees@outlook.us,+44(0)1632 960 107,1966-01-24,Male
Individual,Gerard,Begum,,gerard.begum@outlook.co.uk,+44121 496 0748,1981-03-10,Male
Individual,Gary,Bell,,gary79@outlook.us,+44292018452,1986-08-20,Male
Individual,Elliot,White,,ewhite@outlook.io,+44(0)1174960043,1969-05-05,Male
Individual,Trevor,Black,,trevor_black@yahoo.co.uk,,1978-12-12,Male
Individual,Jack,Lees,,lees.jack@gmail.org,+44(0)116 4960644,1997-11-05,Male
Business,,,"Ford, Fletcher and Begum",sales@fordfletcherandbegum.com,0117 496 0922,,
Individual,Alison,Bird,,alisonbird829@outlook.me,+44(0)1632960825,1956-06-22,Female
Individual,Scott,Foster,,scottfoster977@outlook.me,(01632) 960 260,1988-04-18,Male
Individual,Katie,Whittaker,,katie.whittaker@gmail.com,01144960187,1976-01-24,Female
Individual,Joan,Clark,,joan.clark@outlook.net,+44(0)1632960702,1959-05-09,Female
Individual,Lindsey,Bradshaw,,bradshaw.lindsey@gmail.me,,1964-11-18,Female
Individual,Donna,White,,donna_white@outlook.us,029 2018 0364,1959-08-15,Female
Individual,Michael,Stevens,,michael78@outlook.net,+442074960925,1957-11-08,Male
Individual,Ian,Taylor,,ian_taylor@yahoo.me,+4429 2018 0335,1969-05-15,Male
Individual,Mohammad,Mitchell,,mohammad_mitchell@gmail.me,0141 496 0724,2005-03-04,Male
Individual,Justin,Ward,,justin_ward@gmail.us,+44(0)1614960039,1995-05-04,Male
Individual,Kyle,Jordan,,kylej@gmail.org,0115 496 0915,1987-08-31,Male
Individual,Frank,Parker,,frank.parker@gmail.net,0116 496 0195,1983-06-22,Male
Individual,Bradley,Owen,,bradley4@yahoo.com,0116 4960257,2002-09-23,Male
Business,,,"Mason, Jenkins and Green",contact@masonjenkinsandgreen.com,01184960238,,
Business,,,"Chapman, Mason and Campbell",info@chapmanmasonandcampbell.com,(0118)4960773,,
Individual,Bethan,Johnson,,bethanjohnson135@yahoo.us,01632960990,1956-11-22,Female
Business,,,Hurst-Khan,support@hurst-khan.com,0808 157 0760,,
Individual,Abigail,Wong,,abigail54@outlook.us,+44(0)292018432,1986-10-25,Female
Individual,Ross,Fisher,,rossf@yahoo.io,01164960216,1973-11-26,Male
Individual,Kathryn,Knight,,kathrynknight532@outlook.us,+44(0)1914960171,1964-08-06,Female
Individual,Frances,Hicks,,frances.hicks@gmail.org,+44191 496 0281,1974-04-26,Female
Individual,Wayne,Wilson,,wayne_wilson@yahoo.co.uk,(028)9018989,2002-06-19,Male
Business,,,"Hutchinson, Green and Jones",support@hutchinsongreenandjones.com,(029) 2018 0324,,
Individual,Kayleigh,Ward,,kayleighw@yahoo.co.uk,,1992-04-12,Female
Individual,Samantha,Brown,,samanthabrown317@yahoo.io,(0191)4960873,1983-10-02,Female
Individual,Katy,Holmes,,,+44(0)3069990762,1959-11-09,Female
Individual,Lisa,Rowe,,lisarowe292@gmail.org,(0121)4960201,1968-02-20,Female
Individual,Heather,Bolton,,hbolton@gmail.org,(029)2018890,1979-04-07,Female
Individual,Chelsea,Fisher,,chelseafisher17@outlook.io,+44(0)1154960259,1956-02-21,Female
Individual,Jennifer,Pugh,,jenniferpugh988@yahoo.com,+44(0)1632 960655,2000-01-18,Female
Business,,,"Payne, Power and Evans",support@paynepowerandevans.com,01214960791,,
Individual,Geoffrey,Preston,,gpreston@yahoo.us,+44(0)808 1570679,1976-07-27,Male
Individual,Kathryn,Hughes,,kathryn.hughes@outlook.us,0117 496 0784,1977-02-12,Female
Individual,Yvonne,Freeman,,freeman.yvonne@outlook.co.uk,(0121)4960044,1984-05-02,Female
Individual,Jessica,Wood,,jessicaw@gmail.org,01134960252,1985-09-11,Female
Individual,Bernard,Short,,short.bernard@outlook.co.uk,01154960028,1964-02-01,Male
Individual,Damian,Lawrence,,damian_lawrence@yahoo.co.uk,(028)9018364,1985-09-22,Male
Individual,Jay,Thomas,,jay_thomas@gmail.com,(0115) 496 0205,1984-03-29,Male
Individual,Kate,Atkinson,,kate.atkinson@gmail.net,+44(0)116 496 0524,1996-02-13,Female
Business,,,Carr PLC,admin@carrplc.com,+44118 496 0829,,
Individual,Beverley,Hawkins,,bhawkins@yahoo.me,+44(0)131 4960276,1995-08-29,Female
Individual,Kayleigh,Glover,,kayleighglover579@gmail.io,0808 157 0030,2004-03-09,Female
Individual,Chelsea,Lawrence,,clawrence@outlook.com,,1975-10-17,Female
Individual,Brett,Graham,,brett12@yahoo.com,(0116) 4960790,1967-06-16,Male
Individual,Nicholas,Moore,,nicholasm@outlook.co.uk,+44113 4960623,1967-04-15,Male
Individual,Chelsea,Davies,,chelsead@yahoo.com,+44116 4960375,1965-07-27,Female
Individual,Billy,Allen,,billya@yahoo.com,+441632 960888,1975-04-06,Male
Individual,Eleanor,Holt,,eholt@yahoo.me,(020) 74960642,1995-04-06,Female
Individual,Roger,McCarthy,,roger33@gmail.me,+441144960298,1968-05-08,Male
Individual,Bradley,Smith,,bsmith@outlook.io,(0909)8790804,1988-07-14,Male
Individual,Maurice,Palmer,,mauricep@yahoo.us,,2000-08-16,Male
Individual,Joe,Bell,,joeb@gmail.us,0117 496 0355,1977-05-09,Male
Individual,Gary,Young,,gary_young@outlook.co.uk,0115 496 0776,2004-07-31,Male
Individual,Declan,Butler,,declan18@gmail.com,(0151) 496 0747,1968-03-17,Male
Individual,Ann,Gallagher,,ann.gallagher@gmail.org,01632 960 046,1969-03-28,Female
Individual,Janice,Cross,,janice.cross@outlook.net,(0113)4960182,2001-05-26,Female
Individual,Reece,Martin,,reecem@yahoo.org,+44117 4960450,1984-05-19,Male
Business,,,Sharpe Inc,contact@sharpeinc.com,+44(0)28 9018 0072,,
Individual,Naomi,Fletcher,,naomi_fletcher@gmail.us,+44131 4960098,1979-01-28,Female
Individual,Richard,Butcher,,richardb@yahoo.io,(0161) 4960168,1958-03-02,Male
Business,,,Evans Inc,eva13@evansinc.com,+44306 9990355,,
Individual,Geoffrey,Palmer,,geoffrey1@yahoo.org,(0131) 4960701,1995-01-28,Male
Individual,Geoffrey,Graham,,geoffrey_graham@yahoo.org,0909 8790969,1965-07-12,Male
Individual,Abigail,Collier,,,+44(0)909 879 0881,2004-01-13,Female
Individual,Jemma,Parker,,parker.jemma@outlook.org,+44191 496 0826,1987-05-03,Female
Individual,Cameron,Fitzgerald,,cameron21@yahoo.io,(020) 74960059,1974-04-16,Male
Individual,Nicola,Reed,,nicola.reed@gmail.me,+44(0)3069990922,1973-02-28,Female
Individual,Rosemary,Bailey,,rosemary.bailey@gmail.io,+44(0)1154960193,1978-09-23,Female
Individual,Jade,Waters,,jade32@gmail.io,,1998-12-10,Female
Individual,Rita,Walsh,,rita_walsh@gmail.io,0117 496 0128,1996-02-24,Female
Individual,Louis,Dixon,,ldixon@yahoo.org,,1962-07-17,Male
Individual,Jeffrey,Connor,,jeffreyconnor751@outlook.me,(0161) 4960769,1974-12-29,Male
Individual,Josh,Rose,,joshr@gmail.com,(0306)9990103,1988-01-22,Male
Individual,Malcolm,Pearson,,mpearson@outlook.co.uk,+44(0)114 496 0911,1953-12-05,Male
Individual,Garry,Taylor,,garry.taylor@gmail.org,+44(0)113 4960132,1996-04-22,Male
Individual,Howard,Robinson,,robinson.howard@yahoo.io,+44(0)1134960864,1993-09-23,Male
Individual,Diane,Young,,dianeyoung444@yahoo.us,0117 496 0849,1959-10-27,Female
Individual,Rachel,Cook,,rachel_cook@gmail.org,+44(0)909 879 0138,1998-06-28,Female
Individual,Laura,Briggs,,lbriggs@gmail.co.uk,029 2018 0260,1980-06-18,Female
Individual,Lydia,Rogers,,lrogers@gmail.org,+44121 4960378,1988-06-29,Female
Individual,Sarah,Hussain,,sarahhussain319@outlook.io,(0306)9990848,1954-05-17,Female
Individual,Amelia,Quinn,,amelia_quinn@yahoo.org,(028)9018405,1970-11-04,Female
Individual,Arthur,Graham,,arthurg@gmail.me,+44306 9990226,1957-05-31,Male
Individual,Marion,Patel,,marionp@yahoo.com,(0306) 999 0246,1998-09-25,Female
Individual,Damian,Williams,,,(0151) 4960962,1972-09-01,Male
Individual,Damien,Marsh,,damienmarsh815@outlook.com,02074960432,2001-01-27,Male
Individual,Bryan,Edwards,,bryan89@gmail.me,+441144960544,1990-02-25,Male
Business,,,"Allen, Williams and Wilson",sales@allenwilliamsandwilson.com,+44(0)151 4960297,,
Individual,Mohamed,Mitchell,,mohamed.mitchell@outlook.us,+44(0)1414960675,1975-09-25,Male
Individual,Pamela,Hill,,phill@yahoo.us,+44(0)116 496 0415,1965-05-11,Female
Business,,,Parkin-Ball,,0808 157 0424,,
Individual,Charlene,Wilson,,cwilson@gmail.com,,1994-08-05,Female
Individual,Adam,Johnson,,ajohnson@gmail.co.uk,(0115) 4960449,1971-05-23,Male
Individual,Jade,Bowen,,jade.bowen@outlook.me,+44(0)1414960403,1964-11-29,Female
Individual,Kerry,Davies,,,0118 4960137,1963-06-13,Female
Individual,Roger,Palmer,,rpalmer@gmail.com,+44(0)29 2018398,1997-05-03,Male
Individual,Brenda,Taylor,,brendat@outlook.io,0115 4960167,1960-10-20,Female
Individual,Carolyn,White,,carolynwhite678@yahoo.io,(0808)1570520,1996-02-26,Female
Individual,Sandra,Cooper,,sandracooper809@yahoo.io,0116 496 0685,1958-11-23,Female
Individual,Kim,Reid,,kimreid371@gmail.co.uk,,1980-09-18,Female
Individual,Barry,Davey,,barrydavey16@yahoo.org,+44(0)289018830,1956-08-06,Male
Individual,Lee,Moran,,moran.lee@outlook.us,0118 496 0156,1954-11-11,Male
Individual,Joan,Sykes,,joan13@outlook.com,,1974-09-29,Female
Individual,Ronald,Bryant,,ronaldbryant786@outlook.co.uk,+4428 9018493,1978-08-27,Male
Individual,Jack,Gardner,,gardner.jack@gmail.com,+441914960886,2002-01-24,Male
Business,,,Harvey Ltd,info@harveyltd.com,(0114) 4960725,,
Individual,Hilary,McKenzie,,hilary_mckenzie@yahoo.us,(0113)4960914,1959-04-21,Female
Individual,Laura,Baxter,,laura.baxter@outlook.io,+44(0)8081570234,2000-07-01,Female
Individual,Jill,Norton,,jill_norton@outlook.co.uk,(0118) 4960734,1988-09-21,Female
Individual,Dominic,Green,,dominic91@outlook.net,+441154960037,1991-03-26,Male
Individual,Yvonne,Jones,,,,1987-09-10,Female
Individual,Vanessa,Williams,,vanessawilliams873@gmail.me,+44(0)191 496 0453,2001-06-24,Female
Individual,Jake,Simpson,,jake99@yahoo.com,(0808) 1570024,1983-07-10,Male
Business,,,"Leonard, Harris and Lee",support@leonardharrisandlee.com,+44151 4960557,,
Individual,Beverley,Williams,,bwilliams@yahoo.me,+441314960315,1957-05-13,Female
Individual,Elliott,Stevenson,,estevenson@yahoo.co.uk,+441914960497,2000-02-08,Male
Individual,Robin,Reed,,rreed@gmail.org,,1966-06-21,Male
Individual,Jacqueline,Marshall,,jmarshall@gmail.com,+44(0)1632 960900,1999-12-25,Female
Individual,Clare,Wilson,,clare.wilson@outlook.us,01144960221,1993-11-26,Female
Individual,Graeme,Wilkinson,,gwilkinson@outlook.us,+44808 1570461,1966-01-16,Male
Individual,Jay,Owen,,jay_owen@outlook.io,+44306 9990231,1985-12-30,Male
Individual,Kayleigh,Thorpe,,kayleigh.thorpe@gmail.me,01632 960104,1969-12-21,Female
Individual,Ben,Jones,,benj@yahoo.com,+44116 496 0795,1990-08-28,Male
Individual,Mathew,Thomas,,mathew_thomas@yahoo.us,+44289018346,1955-04-22,Male
Individual,Jonathan,White,,jonathanwhite341@outlook.us,+44(0)114 4960207,1971-12-17,Male
Individual,Josh,Carter,,,+44808 1570488,1985-10-30,Male
Individual,Michael,Mistry,,mmistry@yahoo.org,0116 496 0178,2006-04-09,Male
Individual,Colin,Smith,,smith.colin@gmail.org,(0306)9990310,1985-02-14,Male
Individual,Anne,Davies,,davies.anne@gmail.us,(0808) 1570455,1992-10-14,Female
Individual,Andrea,Wells,,andreawells128@outlook.com,+44131 496 0102,1969-08-14,Female
Individual,Gavin,White,,gavin.white@outlook.me,+44(0)116 4960492,1955-12-20,Male
Business,,,Davison Inc,info@davisoninc.com,+44(0)116 496 0755,,
Individual,Denis,Adams,,denisa@outlook.us,+441632 960 121,1990-09-06,Male
Individual,Philip,Humphreys,,philiph@outlook.me,+44(0)121 496 0234,1982-01-12,Male
Individual,Alison,Lucas,,alison.lucas@yahoo.net,(0141) 496 0428,1999-12-01,Female
Individual,Gregory,Saunders,,gregory.saunders@gmail.org,+44292018516,2006-07-27,Male
Individual,Hannah,Smith,,hsmith@outlook.com,(0161)4960173,1997-03-06,Female
Individual,Jessica,Anderson,,,+44118 496 0852,1954-02-16,Female
Individual,Leslie,Barber,,barber.leslie@outlook.me,+44(0)114 496 0540,1983-06-23,Male
Individual,Jessica,Johnson,,jessicaj@yahoo.io,+441174960015,1987-01-13,Female
Individual,Ryan,Wilson,,ryan72@gmail.com,(01632) 960 403,1984-06-11,Male
Individual,Vincent,Richardson,,vincent.richardson@yahoo.net,(0131) 496 0528,1968-01-15,Male
Individual,Simon,Osborne,,,+44(0)9098790997,1960-08-14,Male
Individual,Mohammad,Clark,,mohammadclark753@gmail.me,+44(0)1414960057,1989-02-08,Male
Individual,Rachel,Bull,,bull.rachel@outlook.net,(020)74960008,1986-03-24,Female
Business,,,Pearson LLC,contact@pearsonllc.com,+441174960403,,
Individual,Naomi,Moore,,naomim@gmail.com,(028) 9018934,1959-09-08,Female
Individual,Shirley,Barry,,shirleyb@gmail.us,(0121) 4960307,1974-07-25,Female
Business,,,Mann-Murray,man45@mann-murray.com,(0141) 496 0986,,
Individual,Charlie,Curtis,,charlie.curtis@gmail.us,+44(0)131 4960119,1954-07-08,Male
Individual,Angela,Reynolds,,angela53@gmail.me,(0117) 496 0508,1954-01-06,Female
Individual,Vincent,Carey,,vincent.carey@outlook.com,01154960218,1965-03-04,Male
Individual,Stuart,Ball,,stuartb@yahoo.io,(01632) 960 503,2000-01-23,Male
Individual,Leslie,Webb,,leslie_webb@outlook.com,01614960125,1961-11-27,Male
Business,,,Clarke PLC,,+44(0)29 2018 0815,,
Individual,Ellie,Hunt,,ellie12@outlook.io,0116 496 0627,1979-01-29,Female
Business,,,"Burton, Griffiths and Smith",admin@burtongriffithsandsmith.com,+44(0)161 4960711,,
Individual,Fiona,Cooper,,fiona29@outlook.com,(020) 74960961,1984-03-23,Female
Individual,Gillian,Johnson,,johnson.gillian@outlook.org,01632960865,1958-12-06,Female
Business,,,Bryan PLC,support@bryanplc.com,+44118 4960831,,
Individual,Frank,Clarke,,fclarke@outlook.io,+441214960071,1995-06-07,Male
Individual,Shaun,Lord,,shaun.lord@gmail.us,+4429 2018873,1981-09-29,Male
Individual,Frederick,Evans,,fredericke@outlook.com,01632 960 093,1985-10-02,Male
Individual,Stephen,Dean,,stephen_dean@gmail.com,0151 496 0489,1989-05-15,Male
Individual,Shaun,Richards,,shaunrichards877@yahoo.net,0116 4960827,1997-02-17,Male
Individual,Gillian,Price,,gillianp@yahoo.com,+441632 960 407,1962-07-15,Female
Individual,Margaret,Mellor,,margaret_mellor@yahoo.co.uk,+44(0)121 4960084,2002-08-29,Female
Individual,Barbara,Burrows,,barbara_burrows@outlook.co.uk,+44(0)8081570369,1962-01-05,Female
Individual,Gemma,Roberts,,gemmaroberts577@yahoo.me,+44(0)1134960051,1996-01-20,Female
Individual,Lauren,Evans,,lauren.evans@gmail.com,+44116 496 0835,1971-03-23,Female
Individual,Tracey,Hussain,,thussain@outlook.co.uk,0117 4960805,1995-11-27,Female
Individual,Georgia,Price,,georgia.price@yahoo.us,+441632 960 016,1954-01-15,Female
Individual,Lorraine,Simpson,,lorrainesimpson286@gmail.com,+44114 4960761,1981-02-08,Female
Individual,Stanley,Hill,,stanleyh@outlook.us,0117 4960168,2004-02-10,Male
Individual,Victoria,Price,,,+44118 4960341,1995-02-21,Female
Individual,Lee,Nicholls,,leenicholls940@outlook.io,0191 498 0236,1955-01-09,Male
Individual,William,Mitchell,,mitchell.william@yahoo.me,+44191 4960354,1998-10-28,Male
Individual,Stewart,Smith,,stewartsmith482@outlook.us,+4428 9018 0701,1974-06-01,Male
Individual,Joan,Thomas,,joan_thomas@outlook.com,(0808) 1570126,1988-07-24,Female
Individual,Hilary,Law,,law.hilary@outlook.me,0115 496 0300,1970-07-03,Female
Individual,Gemma,Begum,,gemma.begum@outlook.net,+44(0)117 496 0956,1997-04-24,Female
Business,,,"Thomas, Williams and Griffiths",support@thomaswilliamsandgriffiths.com,0808 1570384,,
Individual,Victoria,Brady,,victoria_brady@gmail.co.uk,+44(0)28 9018 0889,1974-10-21,Female
Individual,Paul,Murphy,,pmurphy@gmail.com,(0909) 879 0394,1990-06-19,Male
Individual,Pauline,Jones,,,02074960373,1969-02-28,Female
Individual,Francis,Ross,,francis37@yahoo.com,+44(0)131 496 0633,1987-05-21,Male
Individual,Cheryl,Miles,,miles.cheryl@yahoo.co.uk,(0114) 4960670,1983-07-03,Female
Individual,Jenna,Harrison,,jennaharrison68@yahoo.io,+44(0)2074960330,1975-12-10,Female
Individual,Carly,Scott,,cscott@gmail.us,(0117)4960736,1977-06-04,Female
Individual,Shirley,Butler,,shirleybutler886@yahoo.us,029 2018251,1971-05-06,Female
Business,,,Martin-Davis,sales@martin-davis.com,,,
Individual,Georgia,Smith,,georgia.smith@gmail.us,+441632 960115,1989-01-11,Female
Individual,Stanley,Phillips,,stanley97@outlook.org,0306 999 0149,1966-02-21,Male
Individual,Arthur,Watson,,arthur85@gmail.me,+44116 496 0786,1955-02-04,Male
Individual,Louis,Potter,,louisp@outlook.us,(0121)4960720,1986-05-15,Male
Individual,Phillip,Clayton,,,(0121) 4960895,1990-02-17,Male
Individual,Joel,Smith,,joels@outlook.org,03069990530,1965-11-05,Male
Individual,Samuel,Smith,,samuel32@outlook.org,(0161) 4960928,1974-05-19,Male
Individual,Stacey,Cooper,,stacey.cooper@gmail.net,0191 498 0359,1962-05-12,Female
Individual,Andrew,Harrison,,andrewharrison261@yahoo.me,+44(0)113 4960750,2005-12-25,Male
Individual,Lorraine,Mills,,mills.lorraine@yahoo.io,+44131 496 0116,1966-03-10,Female
Individual,Suzanne,Woodward,,suzannewoodward240@yahoo.com,+44(0)116 4960157,1992-03-31,Female
Individual,Sarah,Birch,,sbirch@outlook.us,0113 496 0099,2002-08-01,Female
Individual,Bradley,Knight,,bradley54@yahoo.co.uk,,2005-06-13,Male
Individual,Lesley,Slater,,lesley_slater@yahoo.me,(01632)960686,2005-11-08,Female
Individual,Susan,Gregory,,gregory.susan@outlook.io,0113 496 0443,1998-11-07,Female
Individual,Leon,Hill,,leon_hill@gmail.me,(0191)4960986,1972-04-03,Male
Business,,,"Harding, Hunt and Robinson",admin@hardinghuntandrobinson.com,,,
Individual,Kyle,Ellis,,,+4429 2018 0397,1976-02-29,Male
Business,,,Whitehead-Akhtar,sales@whitehead-akhtar.com,0116 4960396,,
Individual,Derek,Dawson,,derek.dawson@yahoo.me,+44116 4960827,1988-10-20,Male
Individual,Kate,Mitchell,,kate.mitchell@gmail.org,,2003-07-22,Female
Individual,Emily,Knowles,,knowles.emily@yahoo.io,+44(0)115 4960747,1989-06-27,Female
Individual,Holly,Morgan,,,0114 4960000,1959-05-01,Female
Individual,Phillip,Mann,,pmann@yahoo.co.uk,0909 8790648,1968-02-17,Male
Individual,Vincent,Gardner,,vincentgardner625@yahoo.us,+44289018441,1992-02-22,Male
Individual,Kyle,Scott,,kyle68@gmail.co.uk,0118 496 0306,1998-08-22,Male
Individual,Hayley,Woods,,hayley9@gmail.com,+441164960594,1956-12-12,Female
Business,,,Murphy-Pearson,admin@murphy-pearson.com,+441164960594,,
Individual,Elliott,Barnes,,elliott.barnes@gmail.org,,1996-02-12,Male
Individual,Heather,Watkins,,heatherwatkins229@gmail.us,0113 4960454,1953-12-21,Female
Individual,Malcolm,Burns,,burns.malcolm@gmail.co.uk,0114 496 0755,1994-07-01,Male
Individual,Caroline,Fox,,caroline_fox@yahoo.com,+44141 496 0162,1997-09-03,Female
Individual,Christian,Short,,christianshort71@gmail.net,(0115) 4960796,1957-06-23,Male
Individual,Wendy,Moore,,wendym@yahoo.co.uk,+44(0)1414960116,1961-09-13,Female
Individual,Derek,Connor,,,(0909)8790889,1963-05-04,Male
Individual,Suzanne,Sinclair,,suzanne_sinclair@outlook.io,0121 4960972,1989-07-19,Female
Individual,Melissa,Singh,,melissa.singh@gmail.us,+44(0)117 4960981,1979-12-06,Female
Individual,Charlene,Hancock,,chancock@gmail.net,+44(0)131 4960527,1973-07-05,Female
Individual,Ann,Saunders,,saunders.ann@gmail.org,(020)74960961,1979-08-23,Female
Individual,Andrea,Gould,,andrea59@gmail.us,028 9018293,1998-04-23,Female
Individual,Duncan,Lawrence,,duncan_lawrence@outlook.co.uk,+4429 2018116,2002-09-17,Male
Individual,Gail,Yates,,yates.gail@outlook.com,+441632 960651,2006-02-05,Female
Individual,Kayleigh,Jackson,,kayleigh13@yahoo.com,+44(0)1154960784,1966-11-16,Female
Individual,Ellie,Coleman,,elliec@gmail.org,+44116 4960898,1985-02-10,Female
Individual,Michelle,Richards,,michelle.richards@yahoo.me,01632 960387,2001-09-08,Female
Individual,Michelle,Chapman,,michelle_chapman@gmail.io,+44115 4960932,1958-12-31,Female
Individual,Hannah,Gill,,gill.hannah@outlook.co.uk,+4429 2018 0374,1977-12-18,Female
Individual,Abbie,Day,,abbie_day@yahoo.net,(0161) 4960851,1991-10-29,Female
Individual,Molly,Macdonald,,mollymacdonald153@outlook.io,(020) 7496 0959,1991-10-23,Female
Individual,Nicholas,Day,,nicholas.day@outlook.us,(0114) 496 0117,1974-09-27,Male
Individual,Bryan,Martin,,bmartin@yahoo.io,+443069990791,1977-01-28,Male
Individual,Graeme,Bates,,gbates@outlook.me,,1992-06-28,Male
Individual,Mary,Hooper,,mhooper@outlook.co.uk,+44(0)808 157 0873,1984-06-05,Female
Individual,Rhys,Patel,,rhysp@outlook.us,+441214960924,2002-11-02,Male
Business,,,"Barlow, Baker and Smith",support@barlowbakerandsmith.com,(0141) 496 0875,,
Business,,,Johnson Ltd,,(0116)4960367,,
Individual,Debra,Byrne,,debra14@yahoo.org,+44121 4960507,1989-11-19,Female
Individual,Lauren,Marshall,,marshall.lauren@outlook.net,+44118 4960351,1979-03-28,Female
Individual,Anne,Wallace,,anne.wallace@outlook.us,+441184960095,1997-10-16,Female
Individual,Bethany,Wilkinson,,bethany_wilkinson@gmail.org,+44161 496 0100,1995-01-17,Female
Individual,Barbara,Fuller,,barbara_fuller@outlook.org,+44(0)306 999 0460,1975-03-18,Female
Individual,Hilary,Edwards,,,(0808)1570355,1977-10-16,Female
Business,,,Hall-Rogers,info@hall-rogers.com,(0121) 4960587,,
Individual,Allan,Wilkinson,,awilkinson@gmail.net,,1960-04-26,Male
Individual,Thomas,Woodward,,thomas58@yahoo.co.uk,+44(0)131 496 0432,1988-10-31,Male
Individual,Geraldine,Vaughan,,geraldine30@gmail.net,(020)74960688,1995-04-29,Female
Individual,Louise,Griffin,,louise_griffin@yahoo.me,(0306) 999 0498,1958-04-15,Female
Individual,Jacqueline,Briggs,,jacqueline.briggs@outlook.us,(0118) 4960018,2003-07-19,Female
Individual,Maurice,Gray,,maurice40@outlook.net,0116 4960168,1965-08-31,Male
Individual,Hollie,Carr,,hollie.carr@outlook.us,0116 496 0077,1995-06-30,Female
Individual,Jay,Smith,,jsmith@gmail.net,0306 999 0643,1963-09-03,Male
Individual,Stuart,Harding,,stuart96@outlook.com,(0113) 496 0158,2003-07-27,Male
Individual,Bernard,Evans,,evans.bernard@yahoo.me,,2002-07-02,Male
Individual,Cheryl,Read,,cread@outlook.net,(01632)960469,1967-06-17,Female
Individual,Jemma,Harris,,jemma.harris@outlook.com,01632 960 945,1985-05-10,Female
Individual,Bruce,Chambers,,brucec@outlook.com,+442074960025,1954-01-17,Male
Business,,,Harris-Barnes,support@harris-barnes.com,(0191)4960141,,
Individual,Amy,Williams,,awilliams@yahoo.me,0131 4960563,1977-08-11,Female
Individual,Bethan,Bell,,bbell@outlook.us,0808 157 0710,1992-07-05,Female
Individual,Beth,Hodgson,,bethhodgson471@gmail.com,+44(0)151 496 0255,1995-08-04,Female
Individual,Shirley,Williamson,,williamson.shirley@outlook.me,0161 4960602,2001-12-17,Female
Individual,Cameron,Evans,,,+44(0)29 2018 0976,1967-05-19,Male
Individual,Kieran,Pearce,,pearce.kieran@outlook.co.uk,(029) 2018 0918,1968-06-18,Male
Individual,Leon,Yates,,yates.leon@gmail.com,+448081570172,1980-08-23,Male
Individual,Bradley,Byrne,,bradleybyrne195@yahoo.us,(0121)4960676,1970-06-01,Male
Individual,Gerard,Davies,,gerard4@yahoo.us,+44(0)131 4960516,1958-06-26,Male
Individual,Terry,Nixon,,,+44(0)161 496 0081,1992-04-21,Male
Individual,Dennis,Henderson,,dennis77@outlook.me,+44117 496 0241,1983-06-15,Male
Individual,Bradley,Hayward,,bradleyh@gmail.co.uk,+441632 960 514,2002-12-03,Male
Individual,Sarah,Phillips,,sphillips@gmail.me,+441144960870,1980-10-26,Female
Individual,Lisa,Begum,,lisab@yahoo.co.uk,+44(0)1632 960554,1999-11-21,Female
Individual,Kayleigh,Hicks,,kayleighhicks379@outlook.net,+441914960942,1972-07-31,Female
Individual,Russell,Baker,,russellb@outlook.net,+44(0)114 4960863,1968-11-29,Male
Individual,Lydia,Ali,,lydiaali603@gmail.co.uk,+44(0)1914960525,1963-05-11,Female
Business,,,"Jones, Stevenson and Randall",sales@jonesstevensonandrandall.com,+441174960673,,
Individual,Christopher,Browne,,cbrowne@gmail.net,(0115) 4960070,1972-07-09,Male
Individual,Amy,Russell,,arussell@yahoo.com,0118 4960645,2001-09-24,Female
Individual,Judith,Gregory,,jgregory@outlook.me,+4429 2018 0835,1974-08-17,Female
Individual,Christopher,Watson,,christopher_watson@outlook.us,+44(0)117 4960618,1954-02-25,Male
Individual,Roger,Smith,,rogers@outlook.com,+44909 8790222,1989-11-17,Male
Individual,Holly,Walker,,holly.walker@yahoo.com,+44(0)1144960969,1956-05-10,Female
Individual,Eleanor,Kaur,,ekaur@gmail.com,+441164960776,1995-06-26,Female
Individual,Leigh,Brown,,lbrown@outlook.net,+44(0)1632 960 150,1962-01-15,Male
Individual,Trevor,Collins,,trevor36@gmail.com,+44121 496 0535,1993-02-14,Male
Individual,Gordon,Thompson,,gordon.thompson@gmail.us,,1988-09-03,Male
Individual,Lucy,Fletcher,,lfletcher@yahoo.me,+44(0)151 4960169,1967-12-23,Female
Individual,Gerald,Ahmed,,,+44(0)191 496 0910,2003-02-04,Male
Individual,Julie,Thomas,,juliet@yahoo.com,+44(0)117 496 0726,1990-06-02,Female
Individual,Darren,Sanders,,darren.sanders@outlook.me,(0151) 496 0030,1998-12-18,Male
Individual,Holly,Smith,,holly_smith@gmail.com,+44(0)808 157 0792,1989-10-17,Female
Business,,,Collins-Bennett,admin@collins-bennett.com,(020) 7496 0109,,
Individual,Ricky,Patel,,ricky75@gmail.org,(029) 2018774,1963-06-22,Male
Individual,Brian,Jones,,brianj@gmail.org,+44117 4960483,1981-05-26,Male
Individual,Henry,Hughes,,henry27@outlook.co.uk,+44(0)1632 960 192,1963-08-12,Male
Individual,Terence,Walters,,terencewalters333@gmail.io,(0113) 496 0091,1956-05-28,Male
Individual,Clare,Kirk,,ckirk@gmail.co.uk,01614960283,1964-02-14,Female
Individual,Martyn,Edwards,,martyn_edwards@gmail.org,(0114) 496 0953,1999-10-11,Male
Individual,Leanne,Lee,,leanne4@yahoo.us,+44151 496 0400,1964-02-19,Female
Business,,,Holland Inc,admin@hollandinc.com,(0141) 4960642,,
Individual,Mohamed,Taylor,,mohamedt@yahoo.org,+44(0)1632 960 757,1983-11-01,Male
Individual,Annette,Scott,,annette_scott@outlook.com,+44(0)141 496 0127,1981-11-02,Female
Individual,Sally,Ellis,,sellis@gmail.io,01134960984,1968-07-01,Female
Individual,Sharon,Jackson,,sharonj@gmail.co.uk,01414960280,1994-11-01,Female
Individual,Kathleen,Waters,,kathleenwaters169@outlook.us,+441134960583,2004-07-16,Female
Business,,,Gray and Sons,support@grayandsons.com,+44(0)909 8790344,,
Individual,Jane,Barnes,,barnes.jane@gmail.org,(0306)9990702,1975-04-29,Female
Individual,Lewis,Brown,,lewisbrown510@gmail.net,+44151 4960667,1957-12-20,Male
Individual,Bruce,Johnston,,bruce.johnston@outlook.com,(0131)4960966,2003-08-08,Male
Individual,Cheryl,Hunt,,cherylhunt975@yahoo.co.uk,+44(0)141 4960538,2002-08-02,Female
Individual,Melanie,Ford,,mford@outlook.io,(0141)4960742,1968-01-11,Female
Individual,Rachel,Turner,,turner.rachel@gmail.us,(028) 9018 0294,1973-11-01,Female
Individual,Joe,Barton,,joe.barton@outlook.me,01614960216,1985-01-06,Male
Individual,Alex,Hall,,hall.alex@yahoo.io,+4420 7496 0777,1979-06-07,Male
Individual,Sara,Howells,,sara_howells@gmail.org,+44117 4960796,1969-07-14,Female
Individual,Sylvia,Edwards,,sylviaedwards380@gmail.io,(029) 2018256,1961-05-18,Female
Individual,Katherine,Gill,,katherine.gill@yahoo.us,+44(0)306 999 0683,1971-01-26,Female
Individual,Lauren,Newman,,lauren_newman@yahoo.io,0117 4960842,1964-08-12,Female
Individual,Marc,Smith,,marcsmith794@yahoo.com,020 74960168,1979-07-09,Male
Individual,Raymond,Gardner,,,+44306 9990152,1975-11-13,Male
Individual,Anthony,Gray,,anthony.gray@outlook.me,(0141) 496 0493,1996-10-08,Male
Individual,Anne,Scott,,anne_scott@gmail.us,01174960865,1983-05-02,Female
Individual,Mandy,Hammond,,mandyh@gmail.me,02074960740,1962-04-18,Female
Individual,Fiona,Hamilton,,fionah@yahoo.us,+44(0)1632 960024,1970-06-06,Female
Individual,Eileen,Knight,,eileen34@gmail.net,+44113 496 0397,1988-11-25,Female
Individual,Ruth,Singh,,,(0118) 496 0559,1971-01-25,Female
Individual,Mark,Wade,,mark_wade@gmail.us,(0116)4960165,1981-11-29,Male
Individual,Ruth,Morris,,morris.ruth@outlook.org,+44141 496 0611,1966-09-13,Female
Individual,Rebecca,Brown,,rebecca.brown@yahoo.net,+44118 496 0297,1959-06-12,Female
Individual,Dorothy,Davies,,dorothy_davies@gmail.net,0141 4960164,2005-07-07,Female
Individual,Lindsey,Harvey,,lharvey@outlook.me,0131 4960839,1983-02-16,Female
Individual,Abdul,Johnson,,abduljohnson917@outlook.org,0114 4960477,2002-01-19,Male
Individual,Suzanne,Lee,,suzannel@yahoo.co.uk,02074960089,1974-01-25,Female
Individual,Harry,Kelly,,hkelly@outlook.io,(0191)4960094,1959-12-03,Male
Individual,Kevin,Turner,,turner.kevin@gmail.net,+44289018832,1974-06-21,Male
Individual,Jane,McDonald,,janem@gmail.com,0306 9990243,1971-11-05,Female
Individual,Dominic,Jones,,djones@outlook.net,+44(0)1632 960750,1972-05-02,Male
Individual,Jenna,Yates,,jenna.yates@gmail.io,(0306) 999 0654,1966-06-14,Female
Individual,Gavin,Rees,,gavin39@gmail.org,+44(0)28 9018 0846,1966-10-24,Male
Individual,Roger,Andrews,,rogerandrews588@outlook.me,+44(0)121 4960084,1963-10-18,Male
Individual,Robert,Davies,,rdavies@yahoo.com,+44(0)1314960743,2003-02-23,Male
Individual,Teresa,Barker,,teresab@yahoo.io,0114 4960752,2006-11-27,Female
Individual,Shaun,Hawkins,,shaun41@yahoo.me,0151 496 0508,2006-11-11,Male
Individual,Damien,Holland,,damienholland954@outlook.me,+44(0)1154960646,1996-09-26,Male
Individual,Sian,Day,,sian.day@yahoo.me,,2003-11-28,Female
Individual,David,Oliver,,doliver@yahoo.io,02074960622,1986-05-18,Male
Individual,Kayleigh,Holmes,,kholmes@outlook.me,+44(0)292018658,1980-12-11,Female
Individual,Sarah,Barnes,,sarahbarnes931@yahoo.com,0306 999 0904,1995-04-19,Female
Individual,Ian,Kirby,,,+441514960401,1967-06-20,Male
Business,,,"Wilson, Hussain and Ward",info@wilsonhussainandward.com,01314960077,,
Individual,Lynne,Saunders,,lynne_saunders@gmail.us,+44117 496 0008,2004-03-27,Female
Business,,,"Smith, Smith and Perkins",info@smithsmithandperkins.com,(0808)1570539,,
Individual,Leigh,Douglas,,ldouglas@yahoo.com,(0909) 879 0771,1954-05-15,Male
Individual,Rosie,Mills,,rosie.mills@yahoo.org,+44114 496 0960,2006-03-23,Female
Individual,Kayleigh,Clarke,,kayleigh44@outlook.co.uk,0116 496 0699,1958-12-05,Female
Individual,Carl,Bates,,cbates@outlook.us,+44(0)1514960227,1992-03-15,Male
Individual,Dean,Duncan,,deand@yahoo.com,028 9018913,1955-09-07,Male
Individual,Tracy,Hunt,,tracyh@outlook.org,+44(0)117 4960113,1962-01-13,Female
Individual,Graeme,Evans,,graemee@outlook.co.uk,+44(0)20 7496 0220,1976-02-05,Male
Individual,Jordan,Wilkinson,,jordan.wilkinson@outlook.com,+44(0)141 496 0464,1980-09-07,Male
Business,,,Ward Group,contact@wardgroup.com,+44(0)808 1570796,,
Individual,Vanessa,Lowe,,vanessalowe886@gmail.com,+44115 4960609,1979-09-01,Female
Individual,Ann,Baker,,ann_baker@gmail.us,0161 496 0342,1953-12-26,Female
Individual,Antony,Ball,,antonyb@outlook.io,,1977-02-23,Male
Individual,Oliver,Edwards,,oedwards@yahoo.io,+44(0)116 496 0090,1959-11-03,Male
Individual,Paige,Taylor,,paiget@outlook.us,02074960023,1957-11-06,Female
Individual,Ashley,Hughes,,ashley59@outlook.io,+441914960311,1991-10-24,Male
Individual,Gary,Knight,,gary94@outlook.me,(0121)4960997,1998-02-15,Male
Individual,Antony,Collier,,antonycollier464@outlook.us,+441174960661,1998-07-21,Male
Individual,Terence,Wallace,,terence.wallace@yahoo.co.uk,+44(0)3069990935,1986-01-04,Male
Individual,Derek,Singh,,derek.singh@outlook.us,0191 498 0369,1993-01-26,Male
Individual,Eleanor,Murray,,emurray@yahoo.org,+44306 999 0052,1965-09-17,Female
Individual,Karen,Macdonald,,macdonald.karen@outlook.com,(0151) 4960584,1963-08-01,Female
Individual,Marion,Patel,,marion.patel@outlook.io,0131 496 0227,1984-10-30,Female
Individual,Fiona,Jennings,,fiona_jennings@outlook.us,(020) 7496 0538,1981-12-16,Female
Individual,Elaine,Anderson,,elainea@gmail.me,0808 157 0419,1971-08-09,Female
Individual,Lucy,Price,,lucy_price@yahoo.net,(0306)9990774,1963-10-15,Female
Individual,Alice,Douglas,,alice_douglas@outlook.io,01214960473,1988-09-21,Female
Individual,Rita,Webster,,ritawebster932@outlook.org,,1974-05-07,Female
Individual,Timothy,Franklin,,timothyf@outlook.us,020 74960188,1988-11-20,Male
Individual,Ben,Black,,ben73@outlook.com,0116 496 0698,1967-04-04,Male
Individual,Billy,Kelly,,billy.kelly@outlook.co.uk,+441314960894,1968-07-24,Male
Individual,Joel,Webb,,joel.webb@outlook.org,(0113) 4960321,2006-03-03,Male
Individual,Nicole,Davies,,nicoled@gmail.org,(0115) 4960170,1982-10-09,Female
Individual,Mohammad,Jones,,mohammadj@outlook.co.uk,0191 4960760,1984-09-13,Male
Individual,Jennifer,Jones,,jenniferjones520@outlook.org,(029) 2018992,1988-07-18,Female
Individual,Martyn,Foster,,martyn_foster@outlook.net,(0151)4960528,1999-11-13,Male
Individual,Natalie,Brown,,natalie.brown@gmail.org,0909 879 0797,1967-09-02,Female
Individual,Rebecca,Todd,,rebecca.todd@outlook.us,+44(0)1134960948,1991-07-14,Female
Individual,Julian,Davies,,julian_davies@gmail.io,+44151 4960530,2001-03-15,Male
Individual,Maria,Williams,,mariaw@gmail.io,(0909) 8790404,1955-04-14,Female
Individual,Jake,Reynolds,,jaker@yahoo.com,+44141 496 0805,1958-07-16,Male
Individual,Kelly,Bailey,,kelly.bailey@yahoo.com,08081570468,1998-04-29,Female
Individual,Nicholas,Jennings,,nicholas_jennings@outlook.me,(020) 7496 0757,1980-10-05,Male
Individual,Jordan,Hamilton,,jordan.hamilton@outlook.net,02074960635,2003-01-06,Male
Individual,Patricia,Parsons,,patriciap@gmail.io,+44(0)121 4960542,2006-03-21,Female
Individual,Garry,Smith,,garry.smith@yahoo.us,0118 4960506,1972-12-01,Male
Individual,Marilyn,Bibi,,marilyn_bibi@yahoo.net,+44(0)28 9018436,1973-05-06,Female
Individual,Anna,Clarke,,clarke.anna@gmail.us,(0161) 4960808,1989-09-16,Female
Individual,Garry,Stephens,,garry_stephens@yahoo.org,(0113)4960233,1966-12-01,Male
Individual,Liam,Thorpe,,thorpe.liam@gmail.me,+44(0)1614960372,1955-08-22,Male
Individual,Sophie,Brown,,brown.sophie@gmail.us,(0116) 496 0359,1994-05-06,Female
Individual,Connor,Hancock,,connor27@outlook.co.uk,+44191 4960644,1965-12-18,Male
Individual,Phillip,Smith,,phillip.smith@yahoo.com,+443069990158,1990-03-12,Male
Individual,June,Farrell,,junef@gmail.net,+44(0)3069990053,1961-06-28,Female
Individual,Elaine,Green,,elainegreen505@outlook.net,+441414960337,1991-02-05,Female
Individual,Sean,Lee,,sean.lee@gmail.net,(0306) 999 0341,1971-03-02,Male
Individual,Fiona,Lord,,fional@yahoo.io,+44(0)118 4960924,1971-06-16,Female
Individual,Mohammad,Taylor,,,0115 496 0220,2001-12-16,Male
Individual,Elaine,Wells,,elaine.wells@yahoo.co.uk,(0151) 496 0519,1954-08-15,Female
Individual,Graham,Holmes,,,(0151) 496 0316,1994-03-09,Male
Individual,Louis,Lucas,,llucas@outlook.co.uk,029 2018 0551,1973-03-10,Male
Individual,Kim,Tyler,,kim_tyler@yahoo.io,+44(0)117 4960329,1992-11-28,Female
Individual,Albert,Smith,,alberts@yahoo.me,+44116 496 0663,1998-07-01,Male
Individual,Clare,Moss,,clare.moss@yahoo.com,(0808) 157 0916,1997-06-27,Female
Individual,Peter,Thornton,,,+44(0)20 7496 0360,1982-01-21,Male
Individual,Lynn,Hunt,,lynn.hunt@yahoo.com,+44(0)306 999 0965,2000-05-14,Female
Business,,,Williams PLC,admin@williamsplc.com,+4428 9018 0572,,
Individual,Damian,Thompson,,damiant@outlook.com,0191 498 0533,1967-04-21,Male
Individual,Eileen,Harris,,eileen.harris@gmail.net,(0141)4960824,1962-08-06,Female
Individual,Gemma,Dunn,,gdunn@yahoo.net,,1985-03-29,Female
Individual,Amy,Griffiths,,amy.griffiths@gmail.io,+441214960590,1964-07-03,Female
Individual,Georgia,Holmes,,georgiaholmes461@gmail.me,(01632) 960 650,1997-03-03,Female
Individual,Richard,Moss,,moss.richard@outlook.us,(029) 2018028,1975-06-14,Male
Individual,Lee,Tyler,,,020 74960188,1979-01-07,Male
Individual,Kieran,Wright,,kieran3@gmail.net,+44(0)113 4960580,1990-09-01,Male
Individual,Beverley,Martin,,martin.beverley@outlook.net,+44161 4960264,1963-05-12,Female
Individual,John,Cooper,,johncooper644@outlook.co.uk,+44(0)161 496 0830,1997-03-20,Male
Individual,Leslie,Wallis,,,(0131) 4960066,1977-11-29,Male
Individual,Deborah,Chapman,,chapman.deborah@outlook.net,(020) 7496 0845,2000-07-26,Female
Business,,,Jones Inc,support@jonesinc.com,+44(0)808 157 0651,,
Individual,Clifford,Chapman,,cliffordchapman734@outlook.me,+44(0)1314960044,2002-06-01,Male
Individual,Duncan,Smith,,duncansmith320@gmail.io,0161 4960354,1984-09-13,Male
Business,,,Singh LLC,sin29@singhllc.com,01514960668,,
Individual,Alan,Bell,,alan57@yahoo.com,+44306 9990059,2001-06-06,Male
Individual,Ricky,Hunter,,,+441314960980,1978-12-28,Male
Individual,Ellie,Smith,,ellie4@outlook.co.uk,01514960946,1978-05-16,Female
Individual,Dominic,Grant,,dominic20@yahoo.me,(029) 2018 0775,1994-03-12,Male
Business,,,Hussain Group,admin@hussaingroup.com,+44(0)151 496 0518,,
Individual,Lydia,Lowe,,llowe@outlook.net,+44191 496 0761,1987-09-25,Female
Individual,Katie,Stewart,,katie.stewart@yahoo.io,(01632) 960 703,1992-03-06,Female
Individual,Jordan,Martin,,jordanm@gmail.me,+44909 8790941,1965-07-14,Male
Individual,Aaron,Wood,,aaron_wood@yahoo.me,0131 4960604,1956-05-20,Male
Individual,Nicole,Barker,,nicolebarker307@yahoo.net,0116 496 0119,1986-07-18,Female
Individual,Harriet,Bell,,harrietb@gmail.com,0113 4960227,1981-09-28,Female
Individual,Frederick,Allen,,frederickallen108@outlook.com,+4429 2018 0158,1995-12-31,Male
Individual,Brian,Johnson,,brianj@yahoo.com,029 2018821,1954-01-28,Male
Individual,Sarah,Cox,,cox.sarah@gmail.com,+44(0)121 4960259,2004-06-07,Female
Individual,Joanne,Atkinson,,joanne40@gmail.com,(0131) 496 0058,1956-10-03,Female
Business,,,Cox Group,admin@coxgroup.com,+44(0)29 2018 0139,,
Individual,Gordon,Williams,,williams.gordon@yahoo.org,01154960671,1965-11-23,Male
Individual,Kirsty,Porter,,kirstyp@yahoo.co.uk,,1958-12-28,Female
Individual,Owen,Perry,,owen74@gmail.io,(029) 2018 0331,2000-11-03,Male
Individual,Carly,Davies,,carly31@outlook.org,(01632) 960077,1994-03-15,Female
Individual,Chloe,Howells,,howells.chloe@outlook.co.uk,(0161) 496 0527,1978-02-28,Female
Individual,Martin,Davies,,martin.davies@gmail.com,+44161 4960726,1959-11-17,Male
Individual,Jason,Wilson,,jwilson@yahoo.me,+44(0)1134960816,1968-11-02,Male
Individual,Grace,Barnes,,grace.barnes@yahoo.org,(0114) 496 0061,1981-12-07,Female
Individual,Mitchell,Cunningham,,mcunningham@gmail.me,+44(0)131 496 0117,1993-08-30,Male
Individual,Jamie,John,,jjohn@outlook.me,01314960797,1955-03-28,Male
Individual,Marilyn,Cooper,,marilyn_cooper@outlook.me,0118 4960141,1991-05-04,Female
Individual,Steven,Ali,,steven_ali@yahoo.net,+441184960221,2005-01-03,Male
Individual,Julian,Hughes,,julian.hughes@outlook.co.uk,+44(0)115 496 0382,1959-11-30,Male
Individual,Shannon,Brooks,,shannonb@yahoo.org,(0306) 9990627,1962-08-13,Female
Individual,Marian,Ball,,marian.ball@yahoo.org,+44(0)29 2018 0001,1994-06-12,Female
Business,,,"Barber, Phillips and Taylor",info@barberphillipsandtaylor.com,(01632)960538,,
Individual,Joan,Smith,,joan_smith@outlook.co.uk,+44(0)306 999 0972,1968-12-30,Female
Individual,Carole,Fitzgerald,,fitzgerald.carole@yahoo.net,(0113) 4960422,1958-06-12,Female
Individual,Jodie,Johnson,,johnson.jodie@outlook.net,+44(0)1164960311,1994-05-31,Female
Individual,Gemma,Harris,,gharris@yahoo.co.uk,(0117)4960040,1972-11-05,Female
Individual,Thomas,Dean,,thomas.dean@outlook.io,01632 960310,2001-01-15,Male
Individual,Leslie,Young,,leslie_young@yahoo.org,0117 496 0480,1964-05-22,Male
Individual,Claire,Johnson,,clairejohnson793@outlook.net,03069990799,1960-07-01,Female
Individual,Debra,Mills,,mills.debra@gmail.me,+44(0)9098790653,1987-03-13,Female
Individual,Raymond,Cook,,raymond_cook@gmail.net,0117 496 0397,1990-11-20,Male
Business,,,Jones Inc,admin@jonesinc.com,(0113) 496 0764,,
Individual,Beverley,Wilson,,bwilson@outlook.me,(0141) 4960714,1968-02-28,Female
Individual,Georgina,Watson,,georginawatson43@gmail.co.uk,0131 4960881,1959-07-21,Female
Individual,Stuart,Hilton,,shilton@gmail.co.uk,(0115) 496 0793,1975-08-10,Male
Individual,Philip,Hunt,,phunt@outlook.io,+44115 4960357,1971-06-04,Male
Individual,Lucy,Wright,,lucywright209@gmail.me,+441144960189,1987-08-13,Female
Business,,,"Evans, Watts and Osborne",admin@evanswattsandosborne.com,01514960071,,
Individual,Jay,Page,,jay_page@gmail.co.uk,+44116 496 0653,1965-08-05,Male
Individual,Carly,Wilson,,cwilson@outlook.co.uk,+44118 496 0097,1954-11-08,Female
Individual,Howard,Price,,hprice@gmail.us,+44(0)161 4960780,1975-10-13,Male
Individual,Derek,Gregory,,dgregory@outlook.org,01154960894,1980-06-18,Male
Individual,Eileen,Brown,,eileenbrown168@gmail.org,0115 496 0710,2001-11-23,Female
Business,,,Young-Williams,,(0306) 9990830,,
Individual,Charles,Jones,,charles64@outlook.org,(029)2018520,1987-05-12,Male
Individual,Jade,Whittaker,,jade.whittaker@yahoo.com,+44306 999 0189,1979-08-19,Female
Individual,Gary,Davey,,gary13@outlook.net,+44909 8790665,1955-02-19,Male
Individual,Josephine,Hill,,jhill@yahoo.io,(028) 9018371,2001-07-02,Female
Individual,Bethany,Herbert,,bethany4@yahoo.net,+44(0)117 4960922,1998-04-21,Female
Individual,Joseph,Walker,,josephw@yahoo.net,+44(0)1314960041,1989-01-16,Male
Individual,Suzanne,Bailey,,suzanne.bailey@gmail.com,+44141 496 0025,1971-01-20,Female
Individual,Ashleigh,King,,aking@gmail.com,020 74960159,1983-05-10,Female
Individual,Shirley,Roberts,,shirley.roberts@yahoo.org,,1976-06-19,Female
Individual,Kimberley,Foster,,kimberleyfoster175@yahoo.io,+44909 879 0732,1969-08-28,Female
Individual,Kate,Mills,,kate15@gmail.net,,1993-12-03,Female
Individual,Louise,Fox,,fox.louise@gmail.io,+44(0)118 4960366,1956-10-06,Female
Individual,Raymond,Cole,,cole.raymond@yahoo.co.uk,+44115 496 0090,1987-11-12,Male
Individual,Raymond,Taylor,,raymond_taylor@yahoo.co.uk,020 7946 0499,1984-04-22,Male
Individual,Dominic,Price,,price.dominic@gmail.co.uk,+44117 496 0478,2001-08-19,Male
Individual,Georgina,Stokes,,georginas@gmail.io,+448081570010,1958-02-04,Female
Individual,Marc,Jones,,,02074960181,1965-05-07,Male
Individual,Josh,Hughes,,hughes.josh@outlook.co.uk,(0808)1570259,1984-06-17,Male
Individual,Francis,Charlton,,francischarlton600@outlook.me,+44(0)151 496 0667,1992-07-31,Male
Business,,,Dyer Group,contact@dyergroup.com,0141 4960734,,
Business,,,Green PLC,gre71@greenplc.com,,,
Individual,Nigel,Payne,,npayne@gmail.me,(0114) 4960753,1995-07-21,Male
Individual,Kerry,Coleman,,kerry22@yahoo.net,0114 4960226,1983-03-19,Female
Individual,Brian,Smith,,brians@yahoo.net,+44116 496 0587,1958-06-03,Male
Individual,Karen,Cooper,,,+44116 496 0265,1963-10-19,Female
Individual,Josephine,Alexander,,josephinea@gmail.com,(0909) 879 0306,1967-11-23,Female
Individual,Anna,Giles,,agiles@outlook.org,02074960737,1979-03-22,Female
Individual,Lisa,Clark,,lisaclark999@yahoo.us,+44161 4960000,1982-05-02,Female
Individual,Beth,Whitehouse,,,01632 960 611,1962-07-13,Female
Individual,Alice,Sullivan,,alices@gmail.com,+44(0)1144960296,2002-01-28,Female
Individual,Fiona,Wall,,fionawall353@yahoo.us,01514960455,1955-12-11,Female
Individual,Jeffrey,Rogers,,jeffrey24@yahoo.com,(0808)1570925,1978-10-21,Male
Individual,Leah,Bibi,,bibi.leah@gmail.co.uk,,1985-11-30,Female
Individual,Gerard,Vaughan,,vaughan.gerard@yahoo.com,+441414960143,2006-01-26,Male
Individual,Daniel,Khan,,dkhan@gmail.org,+441184960713,1968-11-07,Male
Individual,Callum,Grant,,grant.callum@yahoo.io,+44116 496 0635,2006-04-19,Male
Individual,Robin,Chapman,,robin65@gmail.me,+44(0)29 2018964,1994-11-25,Male
Individual,Elaine,Weston,,elainew@yahoo.net,(0118) 4960461,1963-10-24,Female
Individual,Darren,Davies,,davies.darren@outlook.co.uk,(0114)4960006,1997-10-08,Male
Business,,,Benson and Sons,sales@bensonandsons.com,0114 4960649,,
Individual,Declan,Kay,,kay.declan@yahoo.com,+44191 4960720,1976-04-11,Male
Individual,Gerard,Howard,,gerard55@yahoo.co.uk,,1993-03-13,Male
Individual,Lydia,Holt,,lydia91@outlook.me,0161 496 0593,2006-07-13,Female
Individual,Julie,Browne,,julie_browne@yahoo.net,+44(0)28 9018500,1975-12-18,Female
Individual,Gerard,Davis,,gerard_davis@gmail.me,01632 960 803,1976-07-02,Male
Individual,Dean,Bennett,,dean1@outlook.me,0306 999 0100,1986-06-14,Male
Individual,Mohammed,Hardy,,mohammedh@outlook.us,(020) 7496 0386,2004-07-16,Male
Individual,Fiona,Woodward,,,0191 4960694,1960-04-23,Female
Individual,Bethan,Wheeler,,bethan_wheeler@outlook.com,+44(0)9098790076,1977-06-30,Female
Individual,Carl,Bailey,,carlbailey153@yahoo.me,(0191)4960276,1997-03-23,Male
Individual,Gerard,Smith,,gerardsmith101@outlook.co.uk,+44(0)114 496 0326,1963-03-28,Male
Individual,Leon,Hughes,,leon95@yahoo.us,01184960605,1957-05-20,Male
Individual,Anna,Ross,,anna_ross@gmail.org,+4428 9018831,1985-07-08,Female
Individual,Tom,O'Neill,,o'neill.tom@yahoo.com,+44141 4960528,1976-07-06,Male
Individual,Clare,Short,,clare47@yahoo.co.uk,+44(0)115 496 0930,1981-01-15,Female
Business,,,"Brown, Morris and Power",support@brownmorrisandpower.com,(0306) 9990484,,
Individual,Kenneth,Allen,,kenneth.allen@yahoo.me,,1979-11-24,Male
Business,,,"Holloway, Duffy and Fowler",admin@hollowayduffyandfowler.com,+44(0)808 157 0064,,
Individual,Graham,Glover,,graham_glover@yahoo.co.uk,+44(0)141 496 0597,1964-08-01,Male
Individual,Donald,Bentley,,donald.bentley@outlook.org,,1983-07-20,Male
Individual,Danny,Grant,,danny_grant@gmail.org,+44141 4960337,1963-02-15,Male
Business,,,Kaur Ltd,contact@kaurltd.com,0306 999 0489,,
Individual,Harriet,Murray,,hmurray@outlook.com,0808 157 0437,1997-01-03,Female
Individual,Barbara,Kirby,,barbara.kirby@gmail.me,+443069990520,1979-07-15,Female
Individual,Gordon,Vaughan,,gordon54@gmail.us,(0151) 4960620,1984-03-16,Male
Individual,Harriet,Jones,,harriet14@gmail.io,+441632 960247,1998-02-27,Female
Individual,Gary,Collins,,gary5@gmail.me,(0117) 496 0360,1977-08-04,Male
Individual,Diana,Mitchell,,diana.mitchell@outlook.co.uk,+441184960791,1976-08-25,Female
Individual,Brett,Bartlett,,brett45@gmail.io,(0121) 4960191,1971-05-08,Male
Individual,Elliott,Robson,,elliottr@outlook.org,0306 9990156,2006-11-23,Male
